1,Big Bird,Sesame Street,Fakeville,12345
2,Misty Smith,66282 Christopher Flats Apt. 341,Masseyland,63835
3,Jason Miller,49331 Bruce Views,East Joshua,69414
4,Regina Maynard,103 Angel Roads Suite 570,Port Jasonland,21975
5,Alicia Conway,44755 Ryan Valley Apt. 606,Allenchester,39890
6,Todd Carlson,414 Mark Throughway Suite 635,Richardsonfort,46133
7,Teresa Christensen,7765 Young Isle,Roychester,10718
8,Kevin Sutton,09442 Ellen Green,East Mary,48300
9,Stephanie Wallace,74334 Aaron Bypass Apt. 699,New Gina,68423
10,Christine Curtis,904 Randy Island Suite 230,East Joseph,58322
11,Tonya Riley,999 Sullivan Flats Apt. 447,West Margaretport,96438
12,Lonnie Bruce,103 Wagner Terrace,Wagnerfort,28376
13,Kenneth Peters,068 Michael Prairie,Lake Bob,13834
14,James Wood,68188 Glenn Pass Apt. 276,North Michaelview,29899
15,John Elliott,6018 Watkins Coves,Robertochester,00908
16,Earl Morris,442 Davis Shore Apt. 305,North Johnfort,97523
17,Olivia Clark,9022 Kelly Island,Emilyhaven,19265
18,Angela Sullivan,88966 Jackson Causeway Apt. 308,East Edwinville,11008
19,Charles Wise,121 Leblanc Ferry Suite 274,Bushton,71807
20,Gilbert Cooper,675 Robinson Radial Suite 468,Port Justinfort,19792
21,Melissa Ford,08060 Jillian Flat,Rebeccaland,21910
22,Robert Mckinney,75313 Brenda Shore,Walkerborough,45409
23,Michael Lopez,056 Erik Underpass Apt. 514,West Darin,51893
24,Kelly Medina,5511 Hernandez River Apt. 668,East Christopher,21691
25,Adam Gates,423 Flowers Path Suite 457,Daniellechester,70254
26,Kimberly Rice,93374 Christopher Square Apt. 866,Vasquezstad,46463
27,Dr. Melanie Simmons,69424 Christopher Garden Suite 203,South Bradleyside,69469
28,Calvin Hicks,05463 Heather Courts Apt. 404,Lake Amanda,87480
29,Carrie Frye,037 Anderson Road Suite 010,West Ryan,28255
30,Brianna Moss,10173 Deborah Villages Suite 181,Port Brooke,16049
31,Lisa Ramirez,8593 Underwood Park Suite 326,West Amberhaven,62801
32,Jacqueline Bailey,508 Vasquez Keys,North Vicki,56818
33,James Soto,1453 Karen Overpass,West Matthewburgh,22562
34,Kevin Wilkinson,5142 Benjamin Ports Apt. 730,Bethanyshire,63083
35,Christopher Washington,2496 Andres Tunnel Apt. 385,East Robertland,65619
36,Sandra Rogers,602 White Locks,Travisview,38949
37,Carolyn Hayden,7402 Eric Path Suite 770,West Brenda,23192
38,Amanda Poole,426 Sheila Tunnel Suite 273,Carolynland,16957
39,Daniel Allison,9231 Mason Ville Apt. 091,East Richardside,05195
40,Joan Allen,2163 Walton Isle Apt. 219,Reynoldsville,57657
41,Kimberly Stevens,925 Carr Fork Apt. 895,Port Jorge,63582
42,Debbie Ho,179 Jackson Row,Walterbury,17590
43,April Vaughn,3692 Jennifer Squares,New Jamesfurt,78322
44,Mr. Eric Grimes,731 Zimmerman Plaza Apt. 228,South Joshuashire,73255
45,Todd Yang,150 Buckley Coves Apt. 404,New Antonio,40227
46,Elizabeth Brandt,9718 Joshua Field Apt. 518,New Christianberg,75617
47,Kelsey Arnold,328 Jenkins Mount Apt. 101,Joseburgh,17545
48,Brianna Clark DVM,885 Higgins Dam Apt. 693,Lake Davidton,24118
49,Shari Collins,2086 Martin Island,Rossmouth,52024
50,Alexander Nixon,316 Christine Falls,Ellisport,16699
51,Matthew Rivera,689 Clark Park,North Peggy,37177
52,Steven Parks,2046 Frye Mountain Apt. 488,Lake Andrew,10714
53,Gregory Chavez,772 Valencia Plaza,Bradshawchester,32610
54,Daniel Walker,48196 Rangel Tunnel Apt. 792,Jimenezmouth,69920
55,Jennifer Spencer,3145 Megan Drives Suite 958,Port Jenniferbury,97138
56,Lauren Lambert,279 Carey Glens Apt. 777,Danielstad,93143
57,Jeffrey Blair,5276 Jessica Ways,North Melissaport,40627
58,Elaine Huff,61649 Soto Ranch,Underwoodchester,43744
59,Emily Hopkins,041 Jones Garden Apt. 829,East Michelle,20885
60,Jonathon Miller,4822 Brian Ranch Suite 312,North Lindseybury,47171
61,Julian Brown,92270 Clarke Fords Apt. 443,Mitchellside,84965
62,Benjamin Graham,07564 Jones Circles Apt. 581,Lake Jessicaton,13998
63,Nathan Davis,967 Vaughn Vista,Wesleyview,70251
64,David Lewis,0281 Cassandra Haven,Juliahaven,78238
65,Jacqueline Conley,327 Walker Unions,Port William,21489
66,Alexis Rios,2765 Calhoun Mill Suite 929,Vazquezside,18945
67,Kerry Powers,64178 Johnson Harbor,East Robert,01883
68,Patrick Diaz,10418 Brandon Rapids Suite 392,South Kyletown,10945
69,Carl Montgomery,28176 Butler Manor Apt. 084,South James,44523
70,Howard Trujillo,1206 Serrano Bridge,Port Garrettshire,69933
71,Julie Giles,154 Callahan Crescent,Barbaraview,06316
72,Heather Brown,81465 Taylor Road,Browntown,80605
73,Cory Miller,76587 Charles Springs Apt. 847,Port Tiffany,07099
74,Mark Reed,8634 Young Burg,West Michaelport,56944
75,Melissa James,5775 Ryan Shores,Maureenburgh,68954
76,Holly Butler,593 Heidi Motorway,Port Donaldborough,93659
77,Thomas Schmitt,3265 Cunningham Street,Clarktown,07526
78,Matthew Perkins,598 Michael Skyway,East Josephstad,58881
79,Michele Brooks,00985 Smith Drive Apt. 054,East Drewshire,94948
80,Michelle Edwards,160 Robert Land Suite 237,East Kevinport,86634
81,Teresa Werner,22694 Blake Plaza,Fowlerland,05697
82,Gary Moreno,190 Charles Cliff Suite 387,Davidsonbury,35348
83,Jamie Cobb,206 Jones Hill Apt. 281,Tapiamouth,18590
84,Joshua Skinner,129 Willie Plain,Jessicamouth,41735
85,Terri Hernandez,81575 Scott Hollow Suite 292,East Tonya,79163
86,Linda Humphrey,12687 Stephanie Orchard,North John,18508
87,Kelsey Middleton,58565 Simpson Common,New Kyleburgh,56722
88,Justin Clarke,0751 Burnett Brooks,North Jonathanland,53628
89,Linda Horton,9738 Curtis Lock Apt. 823,East James,83515
90,Tonya Berry,84167 King Club Suite 488,North Monicaport,88273
91,James Watson,1103 Castillo Spurs Apt. 542,Port Matthewbury,85142
92,Andrea Bell,4276 Deleon Passage Apt. 400,Oliviaburgh,39534
93,Jenna Franklin,205 Cook Harbor Apt. 024,West Kiara,89209
94,Christina Sloan,15934 Rodriguez Stream,New Joshua,04638
95,April Moore,09010 Mary Fork Suite 221,West Alexport,72449
96,Heidi Huynh,383 Kemp Rest,East Cherylhaven,21483
97,Jason Rogers,495 Cobb Forks Suite 918,Griffinbury,86689
98,Joseph Mcguire,83668 Fisher Bridge Suite 638,Lake Charlesland,52451
99,Aaron Chambers,6804 Lewis Well Apt. 743,New Sandraview,24316
100,Kelly Kane,604 Weber Drive,Martinezmouth,04935
101,Lisa Reed,783 Bryant Mews,Floresstad,15072
102,Elizabeth Chambers,418 Frey Expressway,Jonesborough,15627
103,Nathaniel Schwartz,4976 Hudson Village Suite 697,Connorshire,91230
104,Marc Schneider,71255 Park Drive Suite 404,Greenemouth,50943
105,Jessica Orr,864 Jennifer Camp,Port Pamelaberg,71248
106,Adam Mann,90066 Kim Squares,Sampsonbury,23398
107,Carlos Baker,1520 Tammy Ways Suite 136,North Michaelton,49494
108,Jason Arnold,701 Jones Trafficway Apt. 530,Sarahbury,83477
109,Julie Sawyer,82571 Maddox Circle,West Joe,13708
110,John Camacho,35471 Lewis Ranch Suite 826,Ralphchester,13934
111,Kara Roberts,442 Angela Junction,Karastad,27051
112,Arthur Martinez,677 Jennings Mountains,Markchester,27055
113,Brian Fletcher,240 Christopher River Suite 749,North Wendyfurt,04722
114,Amy Kramer,593 Robin Roads,East James,63961
115,April Davis,3688 Benton Plaza Suite 063,Friedmanbury,96098
116,Jessica Fuller,2256 Michele Gardens,Martinmouth,54938
117,Hector Vance,99506 Austin Highway Suite 967,Robertsonshire,74733
118,Jessica Carroll,33899 Underwood Branch,Lindatown,14747
119,Joy Walton,5959 Welch Ferry,South Daniel,45167
120,Sara Vasquez,91315 Charles Rapid Apt. 985,Greeneview,60888
121,Jordan Gordon,05683 Ashley Club Apt. 178,Poncefort,83383
122,Paul Williams DDS,1232 Bobby Terrace,West Tonyafort,08197
123,Alyssa Wilson,58970 Krueger Manor,New Vernon,73017
124,Aaron Wang,9744 Hunter Highway,Adamshire,26657
125,Amber Taylor,414 Joel Hollow,Jordanchester,26646
126,Eric Fisher,19731 Brown Summit,Tiffanyview,26602
127,Karen Shea,15547 Christina Junction Apt. 721,Jasonchester,53666
128,Gary Garcia,52484 Mccann Mission,Sanchezchester,48539
129,Michael Robinson,80758 Kathleen Hollow Suite 845,Tylerfurt,28891
130,Chelsea Castillo,014 Short Road,Dawnmouth,79532
131,Connie Smith,182 Taylor Shore Suite 215,Hicksborough,03351
132,Larry Boone,1747 Holmes Shores Suite 998,Port Wesley,38517
133,Diane Lewis,635 Ward Freeway,North Samanthaland,86992
134,Haley Robinson,64099 Kara Harbors,West Sydney,66765
135,Carl Myers,287 Tyler Shore,Lake Kristopher,32734
136,Megan Strong,50270 Michael Stravenue,Mauriceton,45808
137,Marissa Love,695 Patrick Trail,Scottborough,84567
138,Christopher Martinez,24312 Ronald Fork,South Tinafurt,85970
139,Johnny Young,3096 Howell Pass Suite 287,New Stephanie,45701
140,Anthony Owens,6264 Knight Brooks,West Karen,81584
141,Andrew Watson,6554 Lucas Drives,Trevorburgh,43235
142,Heather Young,9357 Jennifer Alley,Lake Bradley,69185
143,Amy Santos,76493 White Mountain,Pennyfurt,57782
144,Mark Kelley,92814 Cameron Parks Apt. 662,South Jenniferland,47076
145,April Noble,28816 Jimenez Viaduct,South Anthony,65254
146,Karen Velazquez,43818 Gerald Isle Suite 885,Trevinotown,55524
147,Samantha Vargas,6004 Smith Roads,New Adam,83938
148,Mary Hoffman,4677 Antonio Bridge Suite 172,Huffmantown,15275
149,Jacob Ryan,163 Mccarthy Well Apt. 136,Lake Eduardoborough,69958
150,Ryan Wilson,52490 Maria Fork Apt. 770,South Jennifer,40610
151,Patricia Martinez,560 Murray Key Suite 404,Lake Jamie,36662
152,Justin Elliott,69799 Walker Passage,East Lisa,94208
153,Laurie Fox,8089 Sanders Road Suite 752,Powersborough,80579
154,David Hernandez,03834 Anthony Prairie Apt. 592,Kyleborough,68138
155,Michelle Barnett,048 Gregory Mountains Suite 351,Hobury,64423
156,Sharon Cooper,62464 Tyler Freeway,Danielmouth,49963
157,Nicole Farmer,54453 Tabitha Tunnel,North Mary,42006
158,Joseph Holt,874 Carolyn Club Suite 431,Justinmouth,47465
159,Brandon Harris,206 Tanya Springs,Nealmouth,11772
160,Felicia Moore,1913 Beck Forges Apt. 064,North Alanfurt,22268
161,Tiffany Jenkins,48373 Theodore Vista Suite 245,Port Devon,95856
162,Whitney Herrera,649 Harper Station,Williamstad,77103
163,Michael Johnson,884 Jessica Wells,Smithchester,28209
164,Andrew Brown,283 Knight Harbor Apt. 778,West Laura,90822
165,Christopher Brown,49242 Beck Green Apt. 131,Anthonystad,70831
166,Julie Gutierrez,39945 Timothy Keys Suite 857,Lake Kaylaview,60508
167,Stephanie Kelley,43728 William Springs,Lake Robertfort,64113
168,Paul Rich,7201 Amanda Fall,Hernandezport,58616
169,Destiny Higgins,784 Mitchell Manor,Nicolebury,79278
170,Jordan Nelson,770 Ortega Port Apt. 891,Williamtown,74256
171,Jeremy Torres,944 Sierra Wells,West Tylerhaven,81959
172,Zachary Ramirez,63272 Mark Square Suite 412,South Michelle,58986
173,William Patrick,47559 Jennifer Crescent,Lake Jefferytown,03092
174,Kimberly Kelley,183 Logan Row Suite 032,Callahanhaven,55769
175,Robert Strong,58903 Perez Springs Suite 497,Jamesbury,61279
176,Nichole Cain,4399 Murray Harbor Suite 950,North Jennifer,89565
177,Jodi Rodriguez,59605 Peterson Burg Apt. 783,North Ryan,07918
178,Andrew Baker,399 Melissa Route,New Dawnton,70162
179,Samantha Peterson,4082 Samantha Fields,North Lindseyborough,40622
180,Dr. Luis Dawson MD,8990 Smith Rest,North Rebekahshire,76803
181,Adrienne Edwards,700 Jackson Hills Suite 804,Scotttown,99918
182,Tammy Robertson,121 Hutchinson Junctions,Baileyberg,51882
183,Earl Jackson,4858 Sara Inlet Apt. 340,North Jamieland,53452
184,Katie Estes,1272 Rivera Curve,Monicabury,25836
185,Christina Nguyen,82707 Martha Landing Suite 744,Lindaview,17775
186,Dennis Gallagher,232 Jack Trace Suite 290,Port Maria,95402
187,Rodney Nelson,726 Hendricks Radial,Port Darrell,28613
188,Daniel Avery,538 Robinson Creek,Stoutview,77806
189,Benjamin Frederick,12394 Robert Ways,Nicholasbury,46896
190,Kelly Jones,674 Ashley Expressway Suite 095,Lesliehaven,25300
191,Doris Gomez,418 Todd Union Suite 491,North Nicoleton,96418
192,Gary Cox,8275 King Hills Apt. 467,East Connieberg,59099
193,Patricia Berger,6880 Seth Estate,Jacobview,39171
194,Tara Swanson,8492 Thomas Underpass Suite 163,West Kelly,18710
195,Amy Young,5726 Timothy River,Nicholsland,92629
196,Jessica Vasquez,671 Wesley Cliffs,North Josephbury,24644
197,Michael Martin,58112 Heidi Pass Apt. 475,Laurastad,41309
198,Robin Carter,1792 James Trafficway,Brownfort,77975
199,Kim Maldonado,9393 Gonzalez Mill Apt. 805,South Andrew,68283
200,Mark Stafford,89483 John Ports,Guerraberg,65084
201,Jesse Richardson,541 Katrina Walks,South Lancechester,33881
202,Sean Koch,7602 Cochran Trace,Davisborough,47279
203,Steven Howard,0368 Schaefer Falls Apt. 646,Meyermouth,51926
204,Steven Bailey,80568 Bailey Overpass,North Danielstad,72057
205,April Moon,140 Lisa Mountain Suite 871,West Kenneth,79217
206,Phillip Riddle DDS,71519 Samantha Gardens Suite 529,South Christopher,56061
207,Dawn Weeks,8018 Cory Keys,Seanview,25189
208,Shane Richardson,573 Sweeney Park Suite 333,Lawrencetown,04338
209,Jonathan Potter,3244 Kim Station Suite 098,New Jameschester,70455
210,Wendy Bruce,09899 Suarez Divide,South Michaelstad,69504
211,Daniel Rangel,98244 Daniel Plain,South Andrew,46477
212,Jennifer Schneider,82856 Michelle Gateway Apt. 192,East Christopher,82056
213,Timothy Mata,970 Rivera Spurs Apt. 777,Frederickside,05409
214,Robin Trujillo DDS,932 Cannon View,Milesborough,84447
215,Brittany Page,035 Haas Corners,Port Robert,69466
216,Jennifer Howard,59547 Christine Shore,Tinatown,98981
217,Maurice Ramos,545 Steven Meadows,Jenniferchester,67652
218,David Salinas,8484 Michelle Via Suite 761,New Christopher,45764
219,Michele Barber,940 Hensley Ferry Apt. 284,Curtisstad,93687
220,Mr. Jerome Sherman,806 James Creek,Edwardshaven,67431
221,Kristina Guzman,031 Angela Walk,Lake Kevin,45217
222,Kaitlin Hanson,4459 Jessica Port Apt. 685,South Jane,40447
223,Edward Miller,4271 Daniel Radial,West Alantown,56915
224,Holly Cannon,0642 Rhonda Trail Suite 566,New Adrienne,83506
225,Paula Martin,60381 Clark Landing Suite 901,East Thomasport,77382
226,Anne Ewing,0605 Nicholas Harbors Suite 861,Port Larrystad,80335
227,Michael Wright,97504 Bobby Groves Suite 961,Allenfort,47383
228,Amy Mack,89770 Brian Heights Apt. 248,Tuckerside,07412
229,Janet Fisher,063 Hansen Manor Suite 320,South April,56268
230,Amber Johnson,90959 Adams Extension,West Alanmouth,37135
231,Tyrone Campbell,541 David Square Suite 646,North Jeffreystad,02191
232,Melissa Fuentes,7377 Bowers Fields Suite 288,South Linda,42609
233,Gabriel Potts,260 Mullins Neck,Rebeccahaven,43386
234,Heather Buchanan,1447 Jones Point Suite 893,Jasonville,48759
235,Brian Wagner,16727 Gomez Mount Apt. 841,Port Williamview,61446
236,Joshua Mack,31582 Mahoney Ferry Apt. 190,Jennamouth,97170
237,Jennifer Lopez,54436 Kimberly Bridge,South Karen,32684
238,Sabrina Carter,056 Shaw Stream Suite 726,Port Danielle,06983
239,Teresa Rogers,98307 Misty Coves,Whitehaven,61312
240,Caitlin Alexander,68665 Walsh Isle,Port Stevenport,80578
241,Scott White,581 Elliott Roads,Lisashire,70554
242,Joseph Rowe,460 Stephanie Stravenue Suite 901,Sharonshire,73466
243,Veronica Farmer,5703 Stephanie Center,New Markshire,53939
244,Michael Williams,018 Lisa Squares Apt. 574,Suzannefort,03561
245,Mary Olson,85493 Smith Light,Stanleymouth,59946
246,Maria Gibson PhD,7404 Thomas Burg,West Melissaland,50476
247,Scott Price,21616 Robertson Corners,Lake Brandychester,62873
248,Natalie Ayala,612 Torres Highway,North Jennifer,69291
249,Lori Rubio,250 Sara Gardens,Lake Jeremyview,35436
250,Teresa Martinez,640 Beth Land,New Meganfurt,59446
251,David Carter,495 Stephanie Circle,North Jennifertown,48588
252,Christine Robinson,0182 Williams Locks Suite 621,New Debbie,52347
253,Adriana Peters,48752 Morton Estate,Port Elizabethfort,98629
254,Angela Pearson,887 Brent Brooks,Powellshire,87340
255,Penny Contreras,9098 Hill Wall,Lake Pamelaport,35756
256,Kevin Holmes,4869 Danielle Spurs Suite 430,Port Sheila,23714
257,Kimberly Hughes,972 Diaz Ford,Tuckerfort,92096
258,Veronica Gonzalez,77413 Joshua Trace Suite 838,East Shannon,76076
259,David Melton,445 Stewart Squares,Apriltown,90348
260,Gary Aguilar,758 Thompson Viaduct,Grahamshire,80975
261,Mary Davenport,9452 Hall Roads,East Teresahaven,31048
262,Nancy Collins,03912 David Track,Lake Jessica,70374
263,David Miller,0687 Vasquez Station Suite 953,Port Albertton,71319
264,Nathan Le,42865 Walsh Inlet Suite 532,Jerrychester,03936
265,James Camacho,798 Davis Place,Brownland,67129
266,Douglas Johnson,1962 Henry Course,Port Joel,87500
267,Juan Roberts,84147 Taylor Prairie Suite 075,Russellville,70118
268,Lauren Bishop,438 Koch Ridge Suite 863,North Samantha,19004
269,Monique Henderson,67198 Christina Valleys Apt. 990,Ashleychester,26840
270,Diana Haynes,496 Williamson Isle,Jenniferstad,53627
271,Erin Sims,996 Williams Harbors Suite 822,Nicolefurt,49134
272,Jennifer Collins,033 Jonathan Estates,New Ryan,75857
273,Ashley Sanders,539 Thomas Rapid,Barkerborough,44623
274,Gary Conner,289 Rivera Street,North Crystal,92044
275,James Morgan,5009 Gabrielle Rest Apt. 497,Williamville,24761
276,Alex Logan,61877 Michael Crest Apt. 285,Victoriafurt,77622
277,Joshua Baker,1171 Johnson Turnpike,New Laurie,32960
278,Angela Hill,33351 Miles Branch Suite 202,Port Patricia,53901
279,Crystal Phillips,0359 Mark Junctions Suite 813,West Emilytown,80183
280,Susan Neal,900 Kimberly Haven,Garzamouth,07011
281,Misty Hodge,178 Caitlin Manors Suite 876,West Williamfurt,91066
282,William Hatfield,457 Maria Field Suite 973,Smithbury,78887
283,Jonathan Fowler,56145 Daugherty Canyon,Jeremybury,36168
284,Justin Hoover,7196 Green Crest,Guerreroton,36182
285,Haley Fernandez,90727 Maxwell Spurs,Brownton,47057
286,Brandi Goodwin,95265 Anthony Mills,Freemantown,71027
287,Steven Campbell,7378 Kimberly Stream Suite 582,Lake Scott,08166
288,Joseph Smith,3121 Jacqueline Green Apt. 626,Bryanburgh,86214
289,Ashley Johnson,792 Warren Tunnel Apt. 858,East Patricia,73114
290,Karen Chang,507 Hansen Island,West Jameston,10360
291,Matthew Cruz,0769 Angelica Flat Apt. 727,North Brianhaven,62833
292,Joseph Wallace,9423 Bond Pass,Vasquezport,19000
293,Michael Berry,639 Cathy Ramp Suite 643,Holmesshire,60891
294,Austin Adams,983 Mendoza Place,Lake Ryan,42244
295,Gwendolyn Bowman,7351 William Camp Suite 063,Lake Jeremy,45940
296,Alexander Robertson,9191 Friedman Walks Apt. 601,South Sarahborough,50171
297,Jeff Mckay,3857 Evan Hollow Apt. 916,North Dorothystad,12502
298,Amber Montgomery,843 Christina Inlet,Flynnmouth,77546
299,Alexander Lewis,334 Li Center Apt. 643,Hansenmouth,96754
300,Mary Cline,3197 Clark Orchard,Laurenport,94982
301,Allen Norton,2054 Jackson Route,Vanessafort,33900
302,Amanda Spencer,99308 Wiley Grove,Lake Carlosland,58724
303,John Russell,37666 Lauren Garden,Port Charlesfurt,77817
304,Martin Ho,5114 Sandra Highway Suite 559,North Stephanieburgh,21445
305,Lisa Oliver,622 Nicholas Cove,East Mary,19651
306,Melissa Robinson,383 Teresa Ford Suite 881,North Sally,12199
307,Sara Clements,511 Christopher Valleys,Jimenezborough,30265
308,Brandon Hernandez,43755 Brian Tunnel Suite 603,New Jacquelineshire,75278
309,Shelby Martinez,49217 Massey Pine,Danielsmouth,58949
310,Rebecca Carter,258 Matthew Locks Suite 409,Boyerberg,37622
311,Paige Wiley,21937 Freeman Expressway Suite 238,Lake Rickybury,00706
312,Xavier Woodard,455 Ryan Throughway,Crawfordbury,94910
313,Timothy Alvarez,1303 Matthews Corners Suite 476,Tapiachester,55180
314,Stephanie Smith,29304 Hector Burgs Suite 019,Chambersfort,31728
315,Anna Morales,975 Dillon Via,Terrybury,99145
316,Jeffery Manning,0002 Frye Inlet,East Thomas,15859
317,Nicole Richards,455 Jacqueline River Apt. 627,Port William,15579
318,Elizabeth Henry,2901 Julia Meadow,Port Vincent,03265
319,Patricia Hall,0115 Wesley Ranch Apt. 510,Kimberlyview,90434
320,Danielle Berry,23036 Riley Isle,Stanleyland,99427
321,Brittney Foster,791 Paul Ports,Gomezmouth,46355
322,Kyle Rodriguez,0948 Anthony Views,South Tinatown,23909
323,Joseph Phillips,08055 Watson Skyway Suite 205,Port Jessicatown,83234
324,Matthew Hopkins,857 Meyer Fords Suite 531,North Kenneth,78701
325,Timothy Williams,76160 Ritter Mount,Port Jonathan,59521
326,Margaret Young,70506 Frazier Glens,East Ryanmouth,86269
327,Cindy Blevins,501 Marquez Land,New Kennethtown,60521
328,Sharon Walker,17453 Michael Forge,Brownhaven,44658
329,Emily Novak,04915 Selena Crescent Suite 731,Port Cynthiaborough,35530
330,Jonathan Kim,831 Thomas Hill Apt. 107,Escobarberg,65297
331,Kristina Harvey,14461 Christina Trail Suite 678,West Luisshire,07364
332,Robert Powell,50721 Odom Stream,Lukebury,72426
333,Steven Baker,51633 Kimberly Garden Apt. 039,Ericburgh,66521
334,Rachel Trevino,8207 Melissa Fort Apt. 483,Angelaton,12916
335,Samuel Peterson,642 Mark Spur,Heathermouth,41651
336,Jacob Bass,50208 Patterson Villages Suite 232,Grantborough,85968
337,Nicholas Rivera,40304 Snyder Terrace,Youngstad,46657
338,Deanna Nelson,1664 Kristen Light,East Ronnie,74917
339,Mark Elliott,01959 Andrew Curve Apt. 500,West Bryanchester,06847
340,Pamela Stevenson,41961 Linda Courts,Leemouth,82549
341,Colton Harris,28726 Marcia Alley,Patriciaborough,64819
342,Dean Hall,90951 Peters Roads Suite 079,Lloydmouth,05569
343,Eric Allison,1723 Rebecca Knolls Apt. 266,Bartlettchester,97131
344,Ms. Veronica Doyle,953 April Circle,Lake Jamesmouth,74945
345,Miranda Hale,30055 Michael Fork,Richardchester,87541
346,Brad Zhang,431 Williams Passage Suite 808,Millerstad,92724
347,William Mcintosh,737 Snyder Meadow Apt. 727,East Warrenberg,50821
348,Shirley Hanson,4570 Dorothy Common Apt. 325,North Andrealand,89919
349,Martin Brown,21148 Ronald Neck Apt. 426,Kellyfurt,10498
350,Mark Hardy,489 Chambers Shore,Samanthafurt,54753
351,Sandra Clay,0423 Fernandez Locks,East Craig,83299
352,Paul White,79719 Beverly Pine,South Scottton,29563
353,Scott Warren,934 Morris Run,Kimchester,85191
354,Jason Martin,344 Matthew Track,New Timothymouth,16515
355,Christopher Lewis,624 Le Mall,Butlermouth,68683
356,Victor Castro,911 Jones Valley,Melissachester,69830
357,Jason Douglas,626 Mendez Orchard,Port Russellville,02717
358,Thomas Thompson,789 Adams Forge Apt. 869,Mullinsville,07823
359,Jesse Wilson,69492 Jamie Freeway,North Kathleenland,44161
360,Ryan Wagner,12053 Jessica Mall Suite 623,Jacksonbury,42946
361,Cody Le,9419 James Burg,Lake Tamara,95356
362,Kathleen Bradshaw,66331 Erica Ports Apt. 450,South Johnhaven,27049
363,Daniel Mclaughlin,6425 Morgan Curve,Brianfurt,86214
364,Felicia Arnold,2775 Watson Ridge Apt. 333,Jeffreyview,72206
365,Bruce Smith,80433 Katherine Views,North Melaniebury,67305
366,Phillip Phillips,786 Huffman Harbors Apt. 604,Port Catherineborough,88429
367,Timothy Reynolds,02091 Monica Way Suite 741,Port Raymond,28656
368,David Snyder,27266 Daniel Drive Suite 802,Port Kathrynhaven,60149
369,Kiara Kim,89755 Palmer Extension,Georgeland,03012
370,Holly Todd,895 Joanna Mills Apt. 152,West Dwaynemouth,25778
371,Melinda Roberson,025 Allen Rapids,Adamsport,95797
372,George Trujillo,819 James Corners,Williamton,81671
373,Barbara Davis,1860 Rogers Pike Suite 583,Penaberg,87773
374,Kimberly Brown,2302 David Hill Suite 392,Jeromeborough,59171
375,Dana Francis,927 Elizabeth Garden,Villaville,07639
376,Jordan Hall,06728 John Bypass,East Kristy,17209
377,Dr. Allison Hernandez MD,4677 Gonzalez Springs Apt. 327,Lake Kristin,24320
378,Zachary Kennedy,47975 Andrews Points Apt. 978,South Kathryn,89678
379,Richard Larson,3670 Gregory Cape Apt. 645,Alecview,79607
380,Ann Nicholson DDS,52806 Jordan Pines,Benjaminfort,09726
381,Megan Lynch,22388 Jeffrey Light,Danielfurt,65806
382,Victoria Riley,564 Richard Parkways Suite 430,South Dennisstad,33689
383,Nathaniel Wilcox,6230 Wood Motorway,Port Meredith,88233
384,Emily Barber,7492 Graham Rapid,Hartmantown,31544
385,William Collins,09344 Buck Manors,Lake Alyssafort,90265
386,Beth Stewart,819 Sims Stravenue,Floreschester,46671
387,Jennifer Rodriguez,9619 Khan Shoal,Marcustown,82864
388,Robert Miller,9732 Williams Estate,East Veronicahaven,04964
389,Victoria Clark,247 Matthew Manors,South Heatherside,10829
390,Dwayne Kelly,9576 Keith Corner,East Davidshire,03891
391,Michael Santiago,776 White River Suite 630,New Cynthia,92830
392,Stacy Mccoy,993 Emily Coves Apt. 614,West Kelly,84212
393,Diane Moore,1373 Rodriguez Course Apt. 599,Mitchellmouth,31282
394,Sara Gillespie,2207 Ryan Trail,Lake Kimberlystad,37348
395,Terry Vega,51518 Taylor Wells,West Josephshire,76900
396,Reginald Navarro,6604 Combs Spring,Gilbertton,10930
397,Jason Crosby,875 Nichols Trail,Barnesville,65640
398,Danielle Mcgee,5009 Christopher Causeway Suite 834,Millsfort,88724
399,David Oliver,93919 Anthony Viaduct,Port Kathleenton,59490
400,Katherine Clark,1473 John Ports,Wongmouth,10428
401,Christopher Sellers,79693 Christopher Groves,Port Kelseymouth,79122
402,Stephen Rogers,46833 Jennifer Land Suite 628,Connieview,06617
403,Jessica Ortiz,0199 Cathy Port Apt. 613,Stonestad,51231
404,Adrienne Webb,7117 Bass Springs Apt. 239,South Jonathan,24236
405,Brian Thompson,77202 Moore Well,Michaeltown,36709
406,Jacqueline Flores,35572 Raymond Ridges Suite 662,East Christopherborough,99069
407,Sergio Crane,2289 Tyler Manors,East Michaelshire,67763
408,Amanda Miller,8378 Scott Trail Suite 127,Delgadofort,28978
409,Roger Hart,03510 John Pine Suite 209,Hoganbury,41130
410,April Moore,7446 James Club Suite 039,Port Paulastad,66570
411,Scott Lewis,3949 Noble Grove,New Sarah,69597
412,Brandon Herring,7438 Gordon Track,North Helenmouth,76231
413,Monica Franklin,7690 Myers Ferry,East Kelseyburgh,93141
414,Cody Thomas,925 Brittney Square Apt. 386,West Julieshire,91362
415,Margaret Contreras,42614 Melissa Creek Suite 643,East Juanhaven,05646
416,Misty Valentine,049 Hernandez Villages Suite 379,Cooperchester,77124
417,Alexis Sanders,591 Curry Plaza Suite 384,Mullinsfurt,90018
418,James Berry,76312 Clark Overpass,Anthonyton,29492
419,Bryan Kelly,2878 Bell Squares Suite 296,South Colleenstad,59102
420,Gabriela Blair PhD,210 Soto Alley Suite 371,Middletonbury,49502
421,Jay Matthews,8692 Knight Gardens,Wilsonberg,89396
422,Calvin Bryan,33293 Brittany Trail,West Omar,11147
423,Lisa Pacheco,671 Angela Square Suite 940,Nataliebury,84083
424,Clifford Hurley,52354 Zachary Turnpike,North Matthewville,72978
425,Andrew Fowler,03773 Sierra Crossroad,Josephfort,19099
426,Tanya Hall,534 Jason Flats Suite 056,New Ericport,14488
427,Chelsey Allen,272 Carter Spring,Markberg,94592
428,Amanda Carter,21440 Morgan Trafficway Apt. 049,East Chris,35512
429,William Wagner,2499 Andrew Skyway,South Thomas,92443
430,Jennifer Wall,08558 Jonathan Dale Apt. 826,South Mark,60442
431,Peter Wiley,24906 Michael Village,Port Mckenziefurt,77793
432,April Cooper,326 Nicole Fall,New Gregoryview,70431
433,Michelle Armstrong,752 Turner Bypass,South Tara,26142
434,Christopher Moran,345 Mark Estate Apt. 884,Port Gregoryview,08003
435,Jason Thomas,980 Jennifer Club,Matthewsville,84242
436,Melissa Day,69932 Gutierrez Forges Suite 679,Lake Brianmouth,60655
437,Patrick Grant,417 Robert Meadow,Hamiltonhaven,47678
438,Kevin Robertson,577 Weaver River,Danielhaven,46684
439,Casey Brown,0541 Michael Harbors,Christopherland,88375
440,Jocelyn Flores,1990 Carolyn Streets Suite 511,New Carolfort,49740
441,Erin Ballard,6088 Jennifer Harbors Apt. 200,Andrewside,77920
442,Sara Shaw,5828 Timothy Curve,Williamsmouth,97943
443,Joseph Moyer,38731 Thompson Burgs Apt. 207,Anthonyside,98493
444,Kristin Miller,8208 Stevenson Mills Apt. 731,New Tammyton,79957
445,Stacy Hall,749 Riggs Lodge,Carterberg,38413
446,Valerie Moore,75585 Ashley Corners Apt. 766,Ellisonmouth,94793
447,Bridget Knight,5544 Rachel Ville,New Carrie,90675
448,Diana Griffin,64459 Vincent Walk,New Samanthaberg,74953
449,James Larson,833 Patricia Trail Suite 405,Beckerview,17553
450,Ronald Morris,2463 John Harbors Apt. 301,North Matthew,51059
451,Beth Sanchez,2873 Jimenez Terrace Suite 815,New William,21496
452,Haley Edwards,34432 Williams Mills Suite 523,Nathanmouth,07795
453,Raymond Miller,97693 Woods Underpass,Barbaraton,70694
454,Alexandra Hamilton,3028 Tammy Mill,Port Dannyberg,36536
455,Joel Howard,539 Burton Stravenue Suite 432,West Susanchester,11329
456,Samuel Chen,4959 Wendy Glens Suite 352,Reyesshire,30704
457,Debbie Sanchez,84322 Baker Center Apt. 952,Marvinview,46760
458,Jeffrey Clark,9787 Mcclain Harbors,Angelafurt,01321
459,Clinton Hayes,786 Salazar Well,Port Ryan,05204
460,Terri Kennedy,80685 Victoria Lake,Patriciabury,20390
461,Cody Singleton,06127 Christopher Walks Apt. 234,Lindaland,14326
462,Stephanie Smith,9469 Walton Villages,Terryland,55466
463,Jason Everett,271 Traci Divide Suite 282,Rodriguezfurt,37652
464,Deanna Gilbert,591 Arthur Cape Suite 104,Nathanielburgh,71669
465,Andrew Snow,115 David Flats,West Shane,61509
466,Joshua Mcdonald,89496 Amy View Apt. 537,Brownville,55563
467,Brooke Jordan,1383 Clifford Plains,Chelseafort,96426
468,Joseph Nelson,943 Beth Tunnel Apt. 374,West Kayla,05415
469,Joseph Watson,472 Courtney Overpass Suite 720,South Chloe,97646
470,Tiffany Lewis,433 Drake Square Suite 454,Lake Charlesfurt,42368
471,Angela Kelly,928 Smith Passage,Andersontown,90518
472,William Carson DDS,54064 Jacob Trafficway Suite 696,Lake Davidville,60865
473,Adrian Simpson,3868 Anthony Run Suite 757,Port Stevenside,23801
474,Kurt Wallace,416 Jillian Fields Suite 024,North Spencer,07744
475,Nancy Carlson,248 Huang Burgs,Port Haley,69719
476,Jennifer Fernandez,1486 Savage Center Suite 068,Lake Michael,12058
477,Jennifer Jackson,7171 Mcclure Junction,Coffeyhaven,91042
478,Samantha Palmer DVM,696 Vaughn Radial Apt. 372,South Eugenemouth,44722
479,Dennis Riddle,0790 Desiree Roads,Lake Katie,69946
480,Kayla Arnold,92519 Drake Loaf,North Hannah,80481
481,Dr. Laura Adams,835 Diaz Squares,Lake Lisa,88263
482,Alicia Smith,8836 Tony Common Apt. 228,Donaldmouth,16651
483,Andrew House,779 Michael Terrace Suite 776,North Gregory,96096
484,Yvonne Miller,71301 Watts Port,Meganstad,87084
485,Lonnie Kim,64482 Guerrero Mission,Lake James,10866
486,Paul Fox,8902 Miller Field,Port Amandachester,54903
487,Paul Andrews,11332 Parrish Spring Apt. 796,Shannonmouth,36107
488,Alicia Mccann,90106 Steven Station,Port Kevintown,10694
489,Cheryl Bridges,07180 Cindy Crossroad Apt. 150,New Zacharyfurt,34208
490,Ariana Bradshaw,357 Higgins Path Suite 503,Lake Kristenchester,94074
491,Robert Rodriguez,072 Jenkins Park,Port Vickiport,16324
492,Jonathan French,3196 Ashley Neck Apt. 642,Angelaburgh,22461
493,Hannah Bryant,0934 Molly Highway Suite 353,Colemanchester,33209
494,Cody Sullivan,03231 Smith Creek Apt. 379,West Erinhaven,13355
495,Jamie Williams,496 Tucker Drive Suite 000,Lake Elizabethhaven,09403
496,Timothy Morris,56173 Rebecca Mountain,Gailland,54894
497,Christopher Adkins,8745 Sellers Crest,Kristenfort,16362
498,Catherine Salinas,5953 Christopher Grove,East Ianshire,61966
499,Dorothy Collins,257 Daniels View Apt. 079,West Amandaberg,73414
500,Robert Johnson,645 Barton Loaf Apt. 804,Davisberg,63008
501,David Wood,5147 Ruiz Parkways,Huntermouth,75161
502,Tiffany Rivera,760 Amy Course,New Eduardoberg,38791
503,Jimmy Nelson,753 Smith Ford Apt. 855,Wadechester,87336
504,Jay Miller,8221 Khan Causeway,South Jessicafort,41123
505,Leah Santos,26617 Shaffer Greens Suite 239,New Autumnmouth,05466
506,Mark Roberts MD,166 James Forks,Sandraborough,18022
507,Terry Brown,61705 Andrew Turnpike,North Melanieside,09356
508,Joanna Wilson,1797 Leonard Prairie,Michaelburgh,44166
509,Elijah Garcia,225 Hill Crest Suite 835,Torresview,78563
510,Shannon Ellis,229 Brown Views Suite 946,Allenton,58307
511,Adam Farrell,233 Clinton Branch,Kennethport,69767
512,Gregory Hunt,8485 Aaron Bridge Suite 288,Port Sarahmouth,82442
513,Kimberly Santiago,774 Leslie Hill,Josefurt,89646
514,Aimee Johnson,5805 Christopher Garden,Rachelville,17031
515,Jermaine Johnson,826 Mack Ways Suite 221,Williamsview,91206
516,Donald Gregory,86382 Guerrero Landing Apt. 233,Port Janeborough,44594
517,Emily Gomez MD,41949 Hicks Estates,Whitechester,08567
518,Kevin Taylor,0082 Jeremy Mountain,Duaneberg,63378
519,Wesley Simpson,8266 Reyes Glen,South Amber,04312
520,Catherine Rowe,2489 Evans Landing Suite 609,Martinezmouth,45105
521,John Thomas,6992 Newton Plains Apt. 867,West Patricia,83799
522,Karen Stewart,94033 Lopez Key Suite 487,Port Timothyfort,17691
523,Joseph Lester,3244 Castro Island,Keithbury,01264
524,Phillip Graham,1002 Brian Spurs,Port Larryberg,27251
525,Sarah Nguyen,4041 Katherine Groves Suite 612,Hancockton,57753
526,Stanley Edwards,99438 Patel Tunnel Apt. 519,Martinstad,86609
527,Nathan Williams,89693 Colton Flats,North Nathanmouth,56863
528,Lisa White,66078 Jennifer Pass Suite 741,Hamptonmouth,24010
529,Christopher Taylor,32194 Brown Stravenue Suite 995,Timothyland,94593
530,Jennifer Jones,5703 Nathan Lodge Suite 795,West Matthewborough,11013
531,Richard Johnson,46580 Sanchez Knolls,Richardbury,95275
532,Elizabeth Bell,387 Mccoy Viaduct Apt. 919,West Brian,26760
533,Alexandra Malone,021 Michael Coves Apt. 038,Hawkinstown,16552
534,Mark Lewis,22033 Jonathan Drive,Thompsonport,35975
535,Robert Berry,930 Natalie Springs,Lake Rebeccaborough,13463
536,Douglas Green,714 Brian Spurs Suite 920,Ericberg,24192
537,Lori Armstrong,173 Joyce Rest Apt. 818,Garciamouth,80545
538,Kayla Salazar,885 Richardson Avenue,Jesseland,57303
539,Kristina Fisher,084 Howard Ramp Apt. 850,Carrieland,82885
540,Marcus French,683 Kelly Drive Suite 678,Lake Dawn,72337
541,Scott Owen,676 Benitez Viaduct,Robinsonchester,02078
542,Lori Andrews,4420 Jackson Burg Suite 678,East Sheri,49035
543,Jay Rivera,2146 Amanda Ville Suite 757,Careyfurt,81585
544,Anita Mcgee,8498 Darryl Mission,Abigailshire,51837
545,Christopher Simmons,2296 Wendy Path Apt. 854,North Nicholas,84950
546,Donna Johnson,75686 Edward Centers,West John,85452
547,Andrea Whitney,22572 Anderson Village,Stevenstad,96742
548,Wendy Hensley,424 Ralph Street Apt. 780,New John,90092
549,Jared Lyons,6498 Russell Green,West Christopherland,53286
550,Cody Dennis,31177 Torres Mill,New Sara,77093
551,Sandra Hernandez,4808 Benjamin Alley Apt. 457,South Feliciashire,61084
552,Jamie Bowers,480 Erica Course Apt. 654,New Harry,56101
553,Joyce Myers,993 Laura Bypass,South Brettburgh,62308
554,Steven Griffin,85502 Padilla Lodge Suite 913,North Stephanie,17801
555,Jay Yang,3392 Murray Well Suite 907,East Loriville,10951
556,Christopher Wise,68024 Diane Junctions Suite 394,Hollyborough,56673
557,Stephen Walker,24793 David Green,Riceville,43786
558,David Ramos,03938 Miller Island Apt. 985,Stewartmouth,45235
559,Laura Rodriguez,8531 Zachary Square,Port Lisafurt,59404
560,Matthew Rodriguez,9213 Laura Loop,Medinaside,61445
561,Terri Rodriguez,5106 Kristen Flats Apt. 855,Lambertside,43561
562,Joshua Perez,290 Lori View,New Jacquelinetown,14923
563,Angela Perez,564 David Shoals,Jameschester,75377
564,Rickey Johnson,59622 Frazier Port,Bryantown,98378
565,Erin Gibson,738 Wood Groves,Lake Crystal,87874
566,Bradley Alvarez,824 Myers Knoll Suite 652,Hineshaven,14827
567,Jason Vargas,576 Daisy Roads,Ronaldfort,58883
568,Christopher Barnes,503 Lamb Villages,Meyerbury,54808
569,Jennifer Mccarthy,7806 Matthew Underpass Apt. 181,South Brendaview,83474
570,Stephanie Valencia,0325 Levy Throughway Suite 253,Jeremiahchester,37934
571,Brian Kaiser,173 Hudson Mountains,West Adam,90862
572,Kenneth Reed,146 Willis Roads,Greermouth,23991
573,Steven Chavez,7789 Logan Meadow Apt. 009,Holmesshire,69666
574,David Scott DDS,0633 Johnson Crescent Suite 218,New Dawnfurt,55257
575,Eric Allen,374 Kevin Curve,Lake Cassiebury,03071
576,Mark Lyons,17322 Rachel Union,Ryanstad,99636
577,Linda Stanton,1944 Nancy Hills,Jenniferchester,91203
578,Christopher Harris,94391 Nathan Crest,South Jonathan,90817
579,Nancy Bennett,359 Herman Shoal,Port Yvette,97593
580,Melissa Stanton,1631 Ramirez Shores Suite 102,Zacharyborough,59795
581,Cody Fox Jr.,640 English Ports Apt. 620,North Javier,65893
582,John May,183 Frank Pine,Lisaville,82147
583,Joel Elliott,414 Zhang Park Apt. 672,New Nicholasfurt,21314
584,Sharon Welch,9362 Lindsay Ports Apt. 620,Smithborough,69944
585,Lauren Pham,75295 James Prairie Apt. 218,Freemanfort,08747
586,Mike Reeves,377 Joshua Alley Apt. 927,North Bonnie,45906
587,Nicholas Martinez,2109 Webb Mall Apt. 670,New Catherine,40952
588,Christian Jackson,4096 Chen Causeway Apt. 430,West Candaceland,69809
589,Melissa Gutierrez,424 Shannon Square Suite 827,West Loretta,72606
590,Richard Brown,36878 Jared Landing,East Annatown,30351
591,Christina Evans,099 Larson Groves,West Michelleshire,07626
592,Ian Rodriguez,232 Stewart Valley Suite 725,East Carol,39783
593,Mr. Dakota Fisher,499 Clay Mission Suite 438,Reedtown,80133
594,Frank Parsons,3821 Lopez Ridge,Wellsbury,66635
595,Julie Bryant,774 Elizabeth Loaf Apt. 009,Port Michelefort,89132
596,Brett Lee,511 Carly Stravenue Apt. 129,East Andrewberg,21671
597,Meredith Hamilton,1985 Mason View Suite 078,Kevinport,76697
598,Bobby Castro,014 Melissa Parks,New Nicole,98137
599,Amanda Webb,3194 Johnson Drives,Ginamouth,24876
600,Kimberly Sellers,08971 Christopher Expressway Suite 476,Leebury,12958
601,Valerie Stephens,3326 Stacy Locks Apt. 453,West Timothyside,74202
602,Angela Howard,672 Chapman Motorway Suite 616,Lake Justinberg,60108
603,Caleb Montgomery,569 Paul Creek Apt. 214,Port Suzanne,75751
604,Ryan Carter,017 Morgan Road Suite 021,South Cindy,80059
605,Michael Buchanan,68528 Harper Fields Suite 444,Loganville,46469
606,Kayla Morales,873 Raven Row,North Elizabeth,17749
607,Jean Garcia,9449 Manuel Parkways,East Diana,45939
608,Jared Davis,8410 Christopher Harbors,Brownfort,55145
609,David Patel,41141 Moody Ridge Apt. 520,Lake Erik,62449
610,Angel Wheeler,752 Ward Center,Marquezbury,50081
611,John Reed,794 Gonzalez View,Lauraville,97698
612,Rebecca Edwards,3547 Jennifer Groves,Wardborough,85426
613,Alec Hanson,549 Malone Causeway,East William,79886
614,Andrew Salazar MD,72482 Alisha Grove,North Carolynchester,50405
615,Jamie Jones,005 Timothy Junctions Apt. 156,Kimberlystad,22100
616,Timothy Hunter,009 Flores Turnpike,Madisonview,83051
617,Emily Nixon,748 Michael Falls Apt. 585,West Tonyamouth,26361
618,Stephanie Miller,709 Turner Shores Apt. 750,Welchburgh,82128
619,Lisa Garner,041 Jon Square,West Marcusview,33408
620,James Spears,93500 Stephens Ferry Apt. 923,Lake Carlosport,18071
621,Brian Hernandez,0454 Mullen Mews Apt. 428,Sullivanshire,01996
622,Garrett Baker,20282 Susan Cliffs Apt. 248,West Tracyview,19204
623,Kenneth Bush,40666 Ariel Forge Suite 875,Port Stephenstad,74339
624,Dennis Hancock,49443 Blake Inlet,Port Pamela,57792
625,Marcus Adams,5811 Bryan Field Suite 321,Port Scottchester,51271
626,Dr. Brittany Mcdonald DVM,653 Hanson Island Suite 405,West Jeffrey,97571
627,Douglas Matthews,15992 Lori Ramp Apt. 278,East Robert,36136
628,Erin Ramirez,266 Mcdaniel Inlet,West Ricky,40319
629,Joshua Whitaker,090 Mark Valleys Suite 353,Davidberg,48278
630,Joseph Williams,4202 Noble Trafficway,West Katherine,14898
631,Kelly White DVM,689 Rachael Terrace Apt. 736,New Rodneyfort,01627
632,Ryan Adkins,539 Frazier Expressway Suite 663,Fosterhaven,51862
633,Cheryl Roy,516 Lori Spring,Mcintoshstad,69722
634,Natalie Turner,6949 Howard Port,Weissfurt,44911
635,Shawn Leonard,7349 Candice Summit Apt. 299,New Angelafort,03733
636,Dale Mueller,98887 Melinda Radial,Coxville,34138
637,Barry Lane,2211 Alexander Trail Suite 755,East April,44143
638,Ms. Tanya Frazier,8103 Lewis Point,Jameston,26366
639,John Taylor,0156 Angela Roads Suite 493,Lynchshire,99016
640,Charles Howell,3168 Michael Flats Suite 892,Robertport,47869
641,Donna Yang,518 Calderon Shore Apt. 860,Port Matthewborough,22725
642,Jessica Bird,5207 Benjamin Shoals,Port Robertchester,42439
643,Jake Pierce,46795 York Route Suite 199,Kellyborough,36101
644,Richard Smith,738 Roberts Park Suite 400,Porterland,81378
645,Tonya Morrison,5929 Laura Inlet,Lake Melissa,16245
646,Daniel Tran,47807 Schmidt Cove,Hunterview,56485
647,Micheal Walker,7652 Jones Pass,Milestown,97787
648,Robert Cruz,81232 Roberts Grove Apt. 348,Garyfort,51252
649,Teresa Powell,72578 Karen Avenue,East Monique,09536
650,Carla Ortega,5910 Flores Unions Suite 843,Mcmillanmouth,05552
651,Herbert West,20368 Hicks Ranch Suite 956,West Colton,16748
652,Rebecca Stark,5398 Brown Brook Apt. 200,South Jennifer,96791
653,Luis Rivera,57921 Hall Fords Apt. 949,South Jeffreyburgh,26071
654,Christopher Mccormick,609 Powers Mall Suite 911,Davidmouth,96718
655,Anthony Wagner,9885 Robinson Summit Suite 153,Kingchester,02003
656,Nancy Kemp,62699 Sheena Lodge Apt. 584,Myersshire,84764
657,Dennis Johnson,10532 French Court Suite 587,Melanieton,45170
658,Daniel Smith,145 Stark Walks Apt. 047,Garrisonmouth,21813
659,Charles Bartlett,171 Cheyenne Lakes Suite 293,Garciachester,02565
660,Jennifer Peterson,5732 Hailey Walk,West Frank,38487
661,Jamie Rivera DDS,0562 Thomas Spur Apt. 601,South Tinatown,41500
662,Mary Reid,0159 Harris Fields,East Cassandra,50299
663,Ryan Grimes,2288 Weber Springs Apt. 715,Phamchester,33645
664,Alexandra Keller,9898 Leah Radial,Christopherburgh,84014
665,Brenda Rogers,7354 Brandon Brooks Apt. 779,Clarkchester,77390
666,Megan Lewis,88622 Jake Mews Suite 884,Tracibury,47225
667,Michael Richard,924 Jessica Prairie Suite 426,Jenniferbury,94646
668,Kimberly Dickerson,97915 Pamela Turnpike Apt. 053,East Jeremy,54809
669,Deanna Williamson,625 Barbara Groves,Port Tamara,73335
670,Joanna Martinez,6982 Mark Curve Suite 745,Maryburgh,06221
671,Theresa Davis,59900 Robert Extension,Port Robertstad,77326
672,Rachel Anderson,166 Dickerson Drive Suite 152,Williamsport,46953
673,Marcus Hernandez MD,08112 Woodard Stravenue Suite 174,Danielmouth,18554
674,Kenneth Summers,796 Mcdowell Lakes,East Heather,76363
675,Luis Stewart,480 Mario Trace Apt. 027,Jeffreyfurt,97219
676,Melissa Mann,7386 Lee Rest,Laurenhaven,81611
677,Alexander Thomas,37762 Andrea Parkway Suite 990,Laurieville,15177
678,Jerry King,299 Angela Skyway Apt. 284,North Williamburgh,78238
679,Wendy Miller,394 Bond Port,Saramouth,20371
680,Jennifer Smith,8174 Stephenson Islands Apt. 366,New Kristabury,06702
681,Michael Garcia,2237 David Meadow,East Lucas,02215
682,Marie Freeman,5004 Henry Center,East Jonathan,88953
683,Elizabeth Miller,7250 Scott Islands Apt. 936,West Rachel,27096
684,Lindsay Daugherty,612 Martin Knolls,Coreyside,03288
685,Tyler Johnson Jr.,1974 Amy Lodge Apt. 771,East John,90013
686,Joshua Pena,486 Lauren Spurs Suite 897,West Brittany,19253
687,Justin Spears,227 Michael Ford Apt. 638,New Julieville,48914
688,James Vaughn,945 Cooley Skyway,East Christopher,22337
689,John Campbell,034 Judith View,Mauriceview,76651
690,Daryl Castillo,0404 Brooks Plaza Suite 966,Timothyhaven,05232
691,Matthew Novak,65749 David Mission Apt. 353,East Jared,44689
692,Anita Newman,07799 Eric Pine,Ramirezbury,98836
693,Daniel Smith,795 Shawn Meadow Apt. 779,Stevenborough,21818
694,Sharon Johnson,641 Laura Parkway Suite 484,Smithbury,98705
695,Claudia Garcia,5095 Hatfield Shoal,South Ninastad,45725
696,Cynthia Franklin,70862 Deleon Junction Apt. 623,Lake Moniqueview,32509
697,Brandy Crawford,9597 Jerry Falls Apt. 527,South Melissa,10345
698,Steve Heath,664 Durham Walk Apt. 686,Sullivanmouth,60592
699,Jimmy Hall,440 Deborah Vista,Lake Nicholasland,21208
700,Carolyn Kim,449 Bridges Knoll Apt. 046,East Michael,27534
701,Michele Brady,914 Dakota Street,Joshuaborough,52283
702,Carrie Evans,0385 Johnson Springs,West Anna,92667
703,Leslie Holmes,72397 Chavez Causeway Suite 563,East Amberville,07829
704,Debra Walsh,66811 Miller Lakes,Dianeview,58982
705,Justin Roberts,50123 Alexa Greens Suite 720,Pierceville,59979
706,Gina Benton,2362 Matthew Stravenue,South Jeffreybury,27779
707,Joseph Mckinney,047 Peters Path Apt. 519,Bryanmouth,27105
708,Holly Morgan,08099 Shawn Shoal,Port Bradley,90956
709,Destiny Ryan,7869 Miller Divide Apt. 489,Port Stephanietown,35583
710,Leslie Rivera,716 John Lakes,Robertshire,42427
711,Debbie Byrd,860 Villegas Manor,Xavierchester,80229
712,Elizabeth Black,8368 Martin Lights,Francisview,38997
713,Nicole Johnson MD,55021 Thomas Summit Suite 970,Haneyfort,69834
714,Michael Brown,475 Harvey Hollow,Jessicaside,07998
715,Dr. Bradley Hamilton MD,6612 Greer Radial,Anthonyfurt,08045
716,Benjamin Horne,35999 Brown Points,North Randy,53640
717,Michael Gallegos,9799 Perkins Gardens,East Sean,18011
718,Aaron Mendoza,70473 Carson Ridge,Tinaberg,74609
719,Shirley Gomez,7123 Brooks Branch,Port Deborahmouth,23461
720,Roberto Ortiz,71940 Thomas Spur,Lake Sarah,42618
721,Kathryn Williamson,88701 Moss Inlet Suite 721,Westland,09068
722,Brian Frye,282 Smith Road Apt. 895,Nunezview,90658
723,Ashley Rogers,8090 James Mount,Port Joan,51559
724,Ruth Miller,8245 Allen Port Apt. 080,East Carrie,95470
725,Stephanie Hawkins,0105 Salazar Pine Suite 086,Jacobbury,38897
726,Kyle Carter,7370 Jeffrey Land,Port Daniel,84658
727,John Porter,6579 Williams Causeway,South Matthew,88724
728,James Brown,088 Annette Crossroad Suite 894,Johnview,98329
729,Matthew Cameron,27067 Molly Station Apt. 848,West Danielville,11289
730,Allison Simmons,763 Smith Village,North Williammouth,27169
731,Jennifer Hunter,20332 Craig Mission Apt. 749,Guychester,77017
732,Patrick Bailey,93443 Deborah Park,West Nicholasside,90033
733,David Hampton,111 Bowman Lakes Suite 614,Andreatown,38630
734,Richard Buck,080 Gilbert Way,Taylorshire,16336
735,Mr. Kevin Zimmerman DVM,9074 Robert Mews,Rodgersberg,30919
736,Alexandria Williams,660 Frank Groves Apt. 844,East Charlesfort,18568
737,Shannon Fitzgerald,13230 Caldwell Unions Suite 970,East Brandy,94373
738,Mr. Daniel Fischer,280 Cole Lodge,Nathanport,85697
739,Vincent Galvan,54855 Jose Pike,Deborahhaven,10739
740,Caitlin Duarte,43021 Darryl Valley,Port Erik,99751
741,Michele Waters,34994 Christopher Walk Apt. 929,Camachobury,47328
742,Thomas Morgan,23372 Jamie Mountains,Rachelshire,57210
743,William Wheeler,7256 Pamela Hills Apt. 777,Gouldmouth,13000
744,John Clark,9509 Cain Mews Suite 905,Webbton,60495
745,Katherine Mata,272 Leon Underpass Apt. 638,Debraton,13997
746,Joshua Gaines,698 Escobar Hill,Caseyberg,66350
747,Katherine Snyder,84526 Angela Causeway,East Jennifer,41735
748,Amy Robertson DDS,73534 Matthews Corners,Garystad,29393
749,Thomas Rodriguez,1856 Hudson Branch,Thomasland,30561
750,John Michael,68901 Williams Ferry Suite 677,Kelseytown,91923
751,Kevin Clark,09037 Griffin Lodge,North Adamhaven,66690
752,Kelsey Bailey,48757 Maxwell Locks Apt. 409,Gonzalezton,25043
753,Jennifer Melton,8659 Kelly Hollow,Markborough,05846
754,David Garrison,3663 Travis Village Apt. 523,Sarahville,53963
755,Dana Watkins,84849 Lisa Orchard,Fisherburgh,20967
756,Jennifer Hall,9079 Kaitlyn Road,Port Brendaborough,63256
757,James Hall,33439 Ramirez Burgs Apt. 807,Markhaven,24625
758,Stuart Andrade,11862 Michael Corners,Oliviaburgh,85858
759,Daniel Miranda,710 Chen Lodge Suite 477,North Crystal,13087
760,Bryan Henry,7403 Schroeder Loop,Reynoldsberg,74708
761,Joshua Jones,889 Jason Mount Apt. 441,Lake John,11829
762,Jason Hinton,414 Nelson Rapids,Rodriguezville,58262
763,Troy Robinson,27505 Denise Hill Apt. 786,Lake Marcberg,58044
764,Molly Williams,7911 Walker Port,Andreashire,21034
765,Ashley Richardson,0916 Julie Corner,East Jason,54312
766,Lawrence Bell,90272 Skinner Hill Suite 731,Wagnerburgh,25899
767,Christopher Turner,5990 Jasmine Lodge,Tateside,21490
768,Edward Olson,7982 Zachary Run,Morrowhaven,97127
769,Beth White,170 Johnathan Ford Apt. 168,South Crystalstad,20866
770,Ruth Horton,401 Robbins Square,Alexanderfort,88383
771,Molly Cameron,621 Kimberly Walks,New Staceyville,37270
772,Tracy Simpson,788 Woodward Lakes,South Michelle,36768
773,Ricardo Yoder,6096 Hogan Lane Suite 522,East Amandahaven,98206
774,Leah Wise,1648 Raymond Lodge,North Jennifer,82041
775,Linda Moore,5935 Jones Street Apt. 844,Hodgesside,99299
776,Mark Patel,48680 Monica Ways,North Stuart,60832
777,Melissa Mccoy,999 Melissa Knolls Suite 038,South Dustin,80725
778,Jessica Cline,2652 Lisa Lake,Perezville,56264
779,Jose Simmons,03997 Davis Lodge Apt. 800,New Mark,65799
780,Jennifer White,39701 Beth Centers,Raymondborough,96251
781,Melvin Wilson,745 Potter Isle Apt. 701,West Matthewbury,37000
782,Shelby Smith,275 Suzanne Fork,New Kathleen,98904
783,Jacob Hoffman,80595 Stevens Causeway,West Megan,80740
784,Michelle Wallace,98829 Arnold Roads,South Johnny,89973
785,Sharon Davis,463 Jackson Neck,West Emily,53023
786,Samantha Meyer,2400 Jeffrey Gateway,New Jennifer,23652
787,Rebecca Baker,12349 Moore Stravenue,New Tina,65317
788,Elizabeth Davis,935 Cathy Manors,Port Theodorechester,81884
789,Cameron Gonzalez,6925 Black Mountain Suite 797,North Nicole,41383
790,Madison Smith,11465 Vaughn Throughway Apt. 941,Melindahaven,84845
791,Teresa Valenzuela,99090 Brenda Field Apt. 504,West Carolineside,70791
792,Erin Tran,2054 Hall Crest Apt. 232,West Jennifer,46764
793,Jamie Wang,342 Abigail Forges Suite 121,North Lisa,90897
794,Ryan Dorsey,100 Amy Forest Apt. 373,Susanchester,24623
795,Christopher Johnson,735 Anthony Drives,Tylerstad,82169
796,Ian Ford,50707 Strickland Prairie,East Shelby,90128
797,Patricia Nash,21846 Adam Dale Suite 334,Port Gregorystad,29412
798,Johnny Murphy,00320 Mitchell Fall,Sullivanhaven,97530
799,Kayla Houston,369 Barbara Cove Apt. 438,East Corey,96104
800,Michelle Gonzalez,8520 Arnold Cliff,East Mollyville,79863
801,Daniel Clayton,324 Wilson Greens,Robinsonport,15974
802,Kristen Montoya,671 Silva Islands,Lake Brendaport,89596
803,Sara Kent,52382 Robert Glens Suite 047,West Rachelberg,94186
804,Edward Rhodes,4821 Smith Branch,South Matthew,36925
805,Sara Young,84671 Cathy Manors Apt. 673,Rosaleshaven,07238
806,Amanda Anderson,0306 Charles Freeway,North Ashley,66461
807,Geoffrey Mitchell,17420 Daniel Court,Port Cindy,29361
808,Mark Wilson,214 Cristina Run Apt. 334,Peterville,03346
809,Dr. Jonathan Green PhD,38457 George Prairie Apt. 761,Murphychester,50881
810,Dr. Timothy Jones,1299 Melissa Points,Port Deborahbury,39338
811,Scott Price,2724 Zimmerman Divide,Port Jillian,18753
812,Gabriela Parks,6846 Brent Stravenue,Tamaraborough,53494
813,Evan Gibson,82672 Christine Canyon Suite 196,New Brittanychester,68795
814,Charles Parks,857 Alvarez Locks Suite 376,Leeberg,71988
815,George Giles,45959 Gibson Plain,Burkechester,69393
816,Miss Christie Bartlett,93164 Levine Island,New Danielle,18792
817,Christopher Miller,454 Stephanie Well Apt. 261,Lake Lauraside,52779
818,Andrew Brennan,953 Jensen Extension,Tracyfurt,20748
819,Roger Shah,4453 Brown Expressway Suite 643,New Christopherton,47180
820,Denise Thomas,23364 Coleman Mews Suite 060,New Matthewstad,74688
821,Diane Phillips,926 Michelle Trafficway,East Ann,50058
822,Zachary Turner MD,127 Miller Glens Suite 956,East Matthew,85581
823,Kelly Miranda,706 Martin Points Suite 523,Loriburgh,94213
824,Gary Ward,43381 Heather Crossroad,New Elizabethtown,23603
825,William Mahoney,8369 Vasquez Underpass Apt. 460,Galvanville,60209
826,Timothy Lopez,507 Bradley Hills,Port Gary,36808
827,Benjamin Stephens,43104 Michael Manor Suite 328,Lisaville,04010
828,Monica Flynn,386 Martinez Drives,Port Jaclynmouth,43887
829,Katie Wells,05741 Lewis Squares Suite 087,North Tylerview,69665
830,Alex Cameron,73222 Deanna Plaza,North Angela,23410
831,Jeff Boyle,835 Michelle Ports Apt. 219,Calvinport,15172
832,Melinda Bond,2676 Ramirez Landing Suite 931,West Danielville,41296
833,Sarah Snyder,8023 David Ville,Rossfort,08707
834,Ryan Johnson,62185 Alexander Valleys,Catherineshire,96593
835,Miguel Lynch,144 Steven Path Suite 985,Port Antonio,61584
836,Adrienne Butler,62162 Russell Green Suite 555,Lake David,63251
837,Michael Brown,58267 Stephanie Squares Suite 720,East Dominiqueborough,77149
838,Joshua Morrow,170 Long Mountain Apt. 939,Penaton,90740
839,Michael Harding,5265 Pitts Mall Suite 983,North Patriciaville,17444
840,David Jones,146 Emily Land Suite 346,Lake Scott,19843
841,David Pratt,5540 Porter Loaf Suite 142,East Joseborough,66544
842,Allison Cox,4385 Kelly Landing,Port Austinburgh,43398
843,John Hunt,339 Velasquez Cove Suite 734,Hughesville,52019
844,Gregory Briggs,44475 Andersen Isle,South Jennifer,32276
845,Julie Johnson,392 Gina Keys Suite 659,Roblesfort,93082
846,Amy Rodriguez,8465 Justin Loaf Suite 772,Lake Christophertown,98774
847,Tiffany Adams,32599 Lauren Crossing Apt. 735,Paulborough,89228
848,Brandi Nunez,4970 Sandy Summit Suite 289,Knightbury,44859
849,Pedro Rowland,107 Anna Lakes,Lake Norma,02237
850,Melissa Rodriguez,328 Bradley Station Suite 412,Kramerview,29040
851,Amanda Finley,8164 Samuel Spur Apt. 899,Copelandfort,14620
852,Todd Bell,34997 Barrett Mount Suite 956,South Brendafurt,16932
853,Michelle Trujillo,7660 Barrett Forks Apt. 651,New Tinaville,05392
854,Dr. Andrew Horton,679 Matthew Hollow,Sloanfurt,07009
855,Mario Sawyer,1831 Scott Islands,Bensonstad,26799
856,Tonya Glass,88019 Mason Hills Apt. 626,Port Brianview,14710
857,Christopher Martinez,5506 Jennifer Squares Apt. 070,Gonzalezton,53299
858,Brandy Pope,20143 Coleman Lodge Suite 693,West Jenny,83695
859,Heather Harris,03235 Liu Oval Suite 695,New Joshuafort,48791
860,Sophia Roberts,145 Marie Land,Richardborough,27184
861,Hector Stephens,1658 Ryan Ports Suite 715,Shawnshire,65474
862,Kenneth Ho,794 Smith Streets Apt. 867,Lesliefort,02978
863,Katelyn Williams,39238 Gomez Valley Apt. 861,East Lisa,99873
864,Aaron Brooks,34066 William View,South Laurenstad,05472
865,James Rogers,1337 Hernandez Glens Suite 546,South Michael,89125
866,Linda Ryan,64724 Shelly Dale Apt. 216,North Jeremy,70531
867,Christy Williams,34808 Sims Ports Suite 679,West Elizabethhaven,45046
868,Keith Houston,696 Marco Forks,Everettmouth,80907
869,Paul Wright,1192 Mckenzie Ways,North Jessicashire,12516
870,Kathryn Wilson,790 Hopkins Mountain Suite 788,Bookerfort,49751
871,Brian White,016 Barnes Shoal Apt. 847,Santoston,86097
872,Michelle Williams,03770 Tracy Stream,Jonesfurt,01506
873,Paul Jacobson,843 David Well Suite 090,Williamsstad,22071
874,Benjamin Lopez,7223 Thompson Fords Apt. 316,New Sarah,93683
875,John Williams,66438 Sarah Cape,Ericksonville,18689
876,Ann Clark,7720 Carter Forge,Murphyfort,21151
877,Marie Scott,458 Thomas Spurs,Jasonmouth,94656
878,Felicia Gallagher,874 Williams Lights,Port Calvin,20649
879,Julie Mckinney,55968 Kelly Turnpike Apt. 751,Vazquezmouth,34680
880,Wanda Newman,8218 Smith River,East Matthewstad,95452
881,Kevin Boyd,84783 Melissa Stream,West Matthew,49411
882,Rebecca Ali,94728 Pace Station Apt. 815,Jonathanview,55846
883,Laura Larson,8238 Murray Circle Apt. 341,Edwardschester,91299
884,Joe Cox,500 Robert Drives,East Cherylborough,11274
885,Cassidy Calderon,9715 Hayes Point Suite 335,Greenport,10362
886,Curtis Davis,7109 David Meadows,West Daniel,24527
887,John Henry,2433 Snyder Union Suite 557,North Adam,05272
888,Julie Morse,705 Bailey Crossing Suite 908,Heatherborough,78340
889,Beth Miller,1976 Dennis Skyway,New James,67658
890,Casey Andrews,4090 King Squares Apt. 961,Timothychester,22015
891,Angela Williams,60459 Smith Isle,Kaylamouth,07506
892,Javier Bailey,38854 Lauren Overpass,South Jessica,05290
893,Samantha Becker,092 Jonathan Stream Apt. 273,Traciefort,13210
894,Robert Adams,79861 Klein Views Apt. 374,Michaelchester,66821
895,Monique Murray,05915 Michael Lodge Apt. 003,Devinton,93327
896,Sarah Holmes,50306 Laura Estates Apt. 379,Kennethberg,29301
897,Robert Chandler,394 Linda Cape Suite 191,Stevensonshire,17643
898,Sarah Ford,62193 Hernandez Glens,East Lorichester,09429
899,Sue James,2500 Brooks Stravenue,Wellsport,35774
900,Brittany Gardner,466 Bradley Ford Suite 529,Destinyhaven,29503
901,Nicholas Moody,9813 Miller River,Matthewtown,36748
902,Janice Manning,538 Steven Orchard,Andreafort,50919
903,Mallory Lee,08233 Scott Ferry Apt. 314,Port David,87571
904,Rebecca Bender,4613 Kimberly Ports,Karenberg,28520
905,Amber Arnold,672 Linda Parks Suite 990,Port Gloriaton,71252
906,April Jones,704 Brock Passage,West Larryfurt,06447
907,Catherine Dixon,980 Krystal Port Apt. 411,West Jacobbury,43525
908,Michelle Mendoza,902 Morse Via,Nguyenton,98576
909,Jennifer White,6791 Traci Prairie,South Mariefort,31983
910,Sarah Nelson,646 Wright Square,Fitzpatrickside,79432
911,Dr. Stephanie Edwards,0990 Myers Locks Apt. 731,Bethside,32234
912,William Payne,46764 Melvin Courts Suite 000,Nancyside,88784
913,Tyler Fisher,154 Rivera Rest Apt. 827,Crystalberg,22321
914,Amber Sheppard,9433 Rogers Forges Apt. 345,Saraborough,73907
915,Mr. Jeffrey Gregory,25680 Prince Street,North Larryton,22039
916,Corey Gonzalez,25002 Sanchez Mountain,North Patriciaport,29899
917,Kevin Foley,34974 Rogers Drives,Williamview,85082
918,Cory Larsen,5364 Scott Street,Arnoldmouth,18795
919,Michael Espinoza,4089 Lori Greens,West Carlmouth,09275
920,Nathan Fox,0841 Hawkins Street,North Sherri,56967
921,Gina Potter,3463 Hudson Trace Apt. 806,Nicolebury,91942
922,Theresa Flores,9498 Wendy Station Apt. 427,Lewisview,99367
923,Phillip Calhoun,2456 Kaylee Motorway Apt. 069,Gibsonburgh,65698
924,Jason Nelson,9082 Jillian Mountain Apt. 017,Contrerasview,39827
925,Jordan Adams,62236 Jacqueline Neck,East Hector,62399
926,William Harris,12619 Kimberly Park Suite 019,Lake Barryhaven,33688
927,Teresa Moore,03459 Wall Course,New James,61824
928,Richard Williamson,59539 Wilson Branch,South Hannah,14958
929,James Williams,40516 Danielle Lights Apt. 762,West Stephaniestad,83863
930,Ashley Cox,3739 Nelson Branch,Jacksonstad,66812
931,Michelle Parrish,52176 Riley Spurs Apt. 193,Kimberlyburgh,66274
932,Nicole Odom,8754 Sharp Crest Suite 478,New Judy,43357
933,Jeffrey Evans,002 Katrina Turnpike Apt. 836,Moyerland,33236
934,Alan Barnett,755 Anderson Grove Apt. 389,New Nicholasmouth,95258
935,Kelly Bender,18017 Snyder Lights,Angelaville,30143
936,Andrea Edwards,1901 Daniel Crossing,Clarkburgh,83815
937,Connie Brown,671 Gregory Cliffs Apt. 614,Dawnmouth,32115
938,Kelly Wilson,4540 Rios Trail Suite 678,Port Jennifermouth,43794
939,Jordan Fields,95064 Michelle Shoals Apt. 624,New Melissa,40599
940,Mary Miller,87824 Leon Falls,Carneyside,10830
941,Charles Dixon,8191 Jaime Squares,Brownburgh,98011
942,Chad Patel,6823 Schmidt Fords Suite 208,West Michael,54436
943,Edward Thomas,21478 Sandra Pass Apt. 170,South James,83264
944,Duane Floyd,77024 Corey Ways Apt. 936,North Justin,77608
945,Melinda Case,57448 Cynthia Creek,Matthewburgh,03034
946,George York,99216 Davis Bridge Suite 730,North Brianton,79590
947,Joshua Johnson,54738 Laura Crescent,Mossborough,42736
948,Cynthia Lin,00849 Margaret Springs,New Chadport,36889
949,Barry Mcintyre,2472 Jillian Radial Apt. 261,West Anthony,14123
950,Amanda Moran,4965 Burgess Junction Apt. 493,Christopherchester,31980
951,Andrea Butler,021 Phillips Field Suite 328,Martinezton,56261
952,Andrew Murray,577 Valdez Mill Suite 343,Rasmussenchester,61796
953,Caitlin Curry,99808 Alex Avenue Apt. 274,East Samantha,50862
954,Katherine Chavez,82310 Wolf Row,Isaacstad,96139
955,Joseph Simmons,9838 Lee Shore,Millerbury,64729
956,Stephanie Pearson,5462 Lee Circles Suite 919,Smithview,62117
957,Douglas Castro,927 Andrew Overpass,Lake Julia,45809
958,John Park,578 Mcintyre Stream Apt. 378,Blackchester,59040
959,Amber Garrett,201 Smith Prairie Suite 172,East Erin,02870
960,Andrea Nelson DDS,47132 John Rest Apt. 430,Clarkfort,20009
961,Audrey Williams,31750 Quinn Keys Apt. 482,North Nicole,11617
962,Dr. Roger Garcia,366 Craig Dale Apt. 926,Allisontown,96352
963,Kenneth Harrington,54367 Jason Spur,South Brandonmouth,07792
964,Laura Griffith,1073 Wright Fork,Jessicaside,47778
965,Mark Mills,91130 Miller Mills,East Jordanstad,44296
966,Andrew Peters,8789 Brandon Avenue Apt. 212,New Jacqueline,74742
967,Peter Schmidt MD,535 Sara Ways Suite 856,South Jefferymouth,80234
968,Robert Crawford,47334 Macias Isle,North Mariah,97549
969,Jeremy Stevens,975 Hailey Mountains Suite 450,Jenkinsfurt,09594
970,Christopher Porter,10685 Stacy Drives,Zoechester,33579
971,Amber Wagner,3885 Sharon Springs Suite 235,East Matthewchester,66858
972,Sharon Carpenter,1658 Rachel Camp Apt. 637,North Meaganview,47455
973,Anita Carpenter,91920 Kelly Crest,South Colleen,56420
974,Sarah Roberts,79369 Michael Branch Suite 191,Vanceberg,70630
975,Nathaniel Johnson,2887 Collins Crossing,North Jimview,06319
976,Ana Adkins,95450 Nicholas Oval Suite 390,Port Clayton,33863
977,William Holloway,393 Lisa Tunnel Apt. 534,Wubury,28413
978,Mr. Travis Wallace,117 Harrison Rapid,North Wanda,43999
979,Eric Vaughn,39672 Gary Shoal Apt. 859,New Ryanbury,32995
980,Barbara Jackson,54941 Sharp Inlet Apt. 057,North Kennethbury,62674
981,Lisa Barnes,82464 Ferguson Union,East Vanessa,64531
982,Tara Prince,1933 Allen Haven,Morrisonport,37890
983,Jennifer Pace,854 Alfred Cliffs,Wilsontown,53356
984,Charles Kirby,029 Tanya Centers Apt. 286,North Jenniferborough,79190
985,Danny Martin,35440 Myers Point,Sarahville,52165
986,Linda Smith MD,3871 Jose Forest Suite 179,New Veronicaport,66557
987,Jacob Fisher,6438 Julia Highway,East Pamelaville,32728
988,Katherine Carter,733 Griffith Ferry,Carlachester,93056
989,Erin Mendez,17691 Smith Rest,West Victor,90786
990,William Kelley,592 Mason Locks,Randyfurt,91588
991,Theresa Ross,9798 Walker Unions Suite 931,New Tanyaberg,75831
992,Jennifer Foster,027 Herrera Parkway,South Adam,20051
993,Rachael Miller,238 Simon Light,Port Melissa,48828
994,Robert Garrett,49071 Dylan Courts,West Josephstad,61683
995,Ashley Hess,146 Williams Fall,Potterfort,92236
996,David Reyes,60956 Marquez Court Apt. 361,North Emily,19141
997,Valerie Scott,6184 Davis Manor Suite 930,South Joyberg,97295
998,Philip Lowe,4115 Justin Spur,Stevenhaven,25156
999,Duane Dillon,18729 Martinez Trail Suite 249,Shawnabury,87659
1000,Megan Freeman,8354 Harris Plaza,East Daisy,45106
1001,Tami Scott,4167 Melanie Glen Suite 900,Murphyshire,40385
