,name,city
0,Big Bird,Fakeville
1,Misty Smith,Masseyland
2,Jason Miller,East Joshua
3,Regina Maynard,Port Jasonland
4,Alicia Conway,Allenchester
5,Todd Carlson,Richardsonfort
6,Teresa Christensen,Roychester
7,Kevin Sutton,East Mary
8,Stephanie Wallace,New Gina
9,Christine Curtis,East Joseph
10,Tonya Riley,West Margaretport
11,Lonnie Bruce,Wagnerfort
12,Kenneth Peters,Lake Bob
13,James Wood,North Michaelview
14,John Elliott,Robertochester
15,Earl Morris,North Johnfort
16,Olivia Clark,Emilyhaven
17,Angela Sullivan,East Edwinville
18,Charles Wise,Bushton
19,Gilbert Cooper,Port Justinfort
20,Melissa Ford,Rebeccaland
21,Robert Mckinney,Walkerborough
22,Michael Lopez,West Darin
23,Kelly Medina,East Christopher
24,Adam Gates,Daniellechester
25,Kimberly Rice,Vasquezstad
26,Dr. Melanie Simmons,South Bradleyside
27,Calvin Hicks,Lake Amanda
28,Carrie Frye,West Ryan
29,Brianna Moss,Port Brooke
30,Lisa Ramirez,West Amberhaven
31,Jacqueline Bailey,North Vicki
32,James Soto,West Matthewburgh
33,Kevin Wilkinson,Bethanyshire
34,Christopher Washington,East Robertland
35,Sandra Rogers,Travisview
36,Carolyn Hayden,West Brenda
37,Amanda Poole,Carolynland
38,Daniel Allison,East Richardside
39,Joan Allen,Reynoldsville
40,Kimberly Stevens,Port Jorge
41,Debbie Ho,Walterbury
42,April Vaughn,New Jamesfurt
43,Mr. Eric Grimes,South Joshuashire
44,Todd Yang,New Antonio
45,Elizabeth Brandt,New Christianberg
46,Kelsey Arnold,Joseburgh
47,Brianna Clark DVM,Lake Davidton
48,Shari Collins,Rossmouth
49,Alexander Nixon,Ellisport
50,Matthew Rivera,North Peggy
51,Steven Parks,Lake Andrew
52,Gregory Chavez,Bradshawchester
53,Daniel Walker,Jimenezmouth
54,Jennifer Spencer,Port Jenniferbury
55,Lauren Lambert,Danielstad
56,Jeffrey Blair,North Melissaport
57,Elaine Huff,Underwoodchester
58,Emily Hopkins,East Michelle
59,Jonathon Miller,North Lindseybury
60,Julian Brown,Mitchellside
61,Benjamin Graham,Lake Jessicaton
62,Nathan Davis,Wesleyview
63,David Lewis,Juliahaven
64,Jacqueline Conley,Port William
65,Alexis Rios,Vazquezside
66,Kerry Powers,East Robert
67,Patrick Diaz,South Kyletown
68,Carl Montgomery,South James
69,Howard Trujillo,Port Garrettshire
70,Julie Giles,Barbaraview
71,Heather Brown,Browntown
72,Cory Miller,Port Tiffany
73,Mark Reed,West Michaelport
74,Melissa James,Maureenburgh
75,Holly Butler,Port Donaldborough
76,Thomas Schmitt,Clarktown
77,Matthew Perkins,East Josephstad
78,Michele Brooks,East Drewshire
79,Michelle Edwards,East Kevinport
80,Teresa Werner,Fowlerland
81,Gary Moreno,Davidsonbury
82,Jamie Cobb,Tapiamouth
83,Joshua Skinner,Jessicamouth
84,Terri Hernandez,East Tonya
85,Linda Humphrey,North John
86,Kelsey Middleton,New Kyleburgh
87,Justin Clarke,North Jonathanland
88,Linda Horton,East James
89,Tonya Berry,North Monicaport
90,James Watson,Port Matthewbury
91,Andrea Bell,Oliviaburgh
92,Jenna Franklin,West Kiara
93,Christina Sloan,New Joshua
94,April Moore,West Alexport
95,Heidi Huynh,East Cherylhaven
96,Jason Rogers,Griffinbury
97,Joseph Mcguire,Lake Charlesland
98,Aaron Chambers,New Sandraview
99,Kelly Kane,Martinezmouth
100,Lisa Reed,Floresstad
101,Elizabeth Chambers,Jonesborough
102,Nathaniel Schwartz,Connorshire
103,Marc Schneider,Greenemouth
104,Jessica Orr,Port Pamelaberg
105,Adam Mann,Sampsonbury
106,Carlos Baker,North Michaelton
107,Jason Arnold,Sarahbury
108,Julie Sawyer,West Joe
109,John Camacho,Ralphchester
110,Kara Roberts,Karastad
111,Arthur Martinez,Markchester
112,Brian Fletcher,North Wendyfurt
113,Amy Kramer,East James
114,April Davis,Friedmanbury
115,Jessica Fuller,Martinmouth
116,Hector Vance,Robertsonshire
117,Jessica Carroll,Lindatown
118,Joy Walton,South Daniel
119,Sara Vasquez,Greeneview
120,Jordan Gordon,Poncefort
121,Paul Williams DDS,West Tonyafort
122,Alyssa Wilson,New Vernon
123,Aaron Wang,Adamshire
124,Amber Taylor,Jordanchester
125,Eric Fisher,Tiffanyview
126,Karen Shea,Jasonchester
127,Gary Garcia,Sanchezchester
128,Michael Robinson,Tylerfurt
129,Chelsea Castillo,Dawnmouth
130,Connie Smith,Hicksborough
131,Larry Boone,Port Wesley
132,Diane Lewis,North Samanthaland
133,Haley Robinson,West Sydney
134,Carl Myers,Lake Kristopher
135,Megan Strong,Mauriceton
136,Marissa Love,Scottborough
137,Christopher Martinez,South Tinafurt
138,Johnny Young,New Stephanie
139,Anthony Owens,West Karen
140,Andrew Watson,Trevorburgh
141,Heather Young,Lake Bradley
142,Amy Santos,Pennyfurt
143,Mark Kelley,South Jenniferland
144,April Noble,South Anthony
145,Karen Velazquez,Trevinotown
146,Samantha Vargas,New Adam
147,Mary Hoffman,Huffmantown
148,Jacob Ryan,Lake Eduardoborough
149,Ryan Wilson,South Jennifer
150,Patricia Martinez,Lake Jamie
151,Justin Elliott,East Lisa
152,Laurie Fox,Powersborough
153,David Hernandez,Kyleborough
154,Michelle Barnett,Hobury
155,Sharon Cooper,Danielmouth
156,Nicole Farmer,North Mary
157,Joseph Holt,Justinmouth
158,Brandon Harris,Nealmouth
159,Felicia Moore,North Alanfurt
160,Tiffany Jenkins,Port Devon
161,Whitney Herrera,Williamstad
162,Michael Johnson,Smithchester
163,Andrew Brown,West Laura
164,Christopher Brown,Anthonystad
165,Julie Gutierrez,Lake Kaylaview
166,Stephanie Kelley,Lake Robertfort
167,Paul Rich,Hernandezport
168,Destiny Higgins,Nicolebury
169,Jordan Nelson,Williamtown
170,Jeremy Torres,West Tylerhaven
171,Zachary Ramirez,South Michelle
172,William Patrick,Lake Jefferytown
173,Kimberly Kelley,Callahanhaven
174,Robert Strong,Jamesbury
175,Nichole Cain,North Jennifer
176,Jodi Rodriguez,North Ryan
177,Andrew Baker,New Dawnton
178,Samantha Peterson,North Lindseyborough
179,Dr. Luis Dawson MD,North Rebekahshire
180,Adrienne Edwards,Scotttown
181,Tammy Robertson,Baileyberg
182,Earl Jackson,North Jamieland
183,Katie Estes,Monicabury
184,Christina Nguyen,Lindaview
185,Dennis Gallagher,Port Maria
186,Rodney Nelson,Port Darrell
187,Daniel Avery,Stoutview
188,Benjamin Frederick,Nicholasbury
189,Kelly Jones,Lesliehaven
190,Doris Gomez,North Nicoleton
191,Gary Cox,East Connieberg
192,Patricia Berger,Jacobview
193,Tara Swanson,West Kelly
194,Amy Young,Nicholsland
195,Jessica Vasquez,North Josephbury
196,Michael Martin,Laurastad
197,Robin Carter,Brownfort
198,Kim Maldonado,South Andrew
199,Mark Stafford,Guerraberg
200,Jesse Richardson,South Lancechester
201,Sean Koch,Davisborough
202,Steven Howard,Meyermouth
203,Steven Bailey,North Danielstad
204,April Moon,West Kenneth
205,Phillip Riddle DDS,South Christopher
206,Dawn Weeks,Seanview
207,Shane Richardson,Lawrencetown
208,Jonathan Potter,New Jameschester
209,Wendy Bruce,South Michaelstad
210,Daniel Rangel,South Andrew
211,Jennifer Schneider,East Christopher
212,Timothy Mata,Frederickside
213,Robin Trujillo DDS,Milesborough
214,Brittany Page,Port Robert
215,Jennifer Howard,Tinatown
216,Maurice Ramos,Jenniferchester
217,David Salinas,New Christopher
218,Michele Barber,Curtisstad
219,Mr. Jerome Sherman,Edwardshaven
220,Kristina Guzman,Lake Kevin
221,Kaitlin Hanson,South Jane
222,Edward Miller,West Alantown
223,Holly Cannon,New Adrienne
224,Paula Martin,East Thomasport
225,Anne Ewing,Port Larrystad
226,Michael Wright,Allenfort
227,Amy Mack,Tuckerside
228,Janet Fisher,South April
229,Amber Johnson,West Alanmouth
230,Tyrone Campbell,North Jeffreystad
231,Melissa Fuentes,South Linda
232,Gabriel Potts,Rebeccahaven
233,Heather Buchanan,Jasonville
234,Brian Wagner,Port Williamview
235,Joshua Mack,Jennamouth
236,Jennifer Lopez,South Karen
237,Sabrina Carter,Port Danielle
238,Teresa Rogers,Whitehaven
239,Caitlin Alexander,Port Stevenport
240,Scott White,Lisashire
241,Joseph Rowe,Sharonshire
242,Veronica Farmer,New Markshire
243,Michael Williams,Suzannefort
244,Mary Olson,Stanleymouth
245,Maria Gibson PhD,West Melissaland
246,Scott Price,Lake Brandychester
247,Natalie Ayala,North Jennifer
248,Lori Rubio,Lake Jeremyview
249,Teresa Martinez,New Meganfurt
250,David Carter,North Jennifertown
251,Christine Robinson,New Debbie
252,Adriana Peters,Port Elizabethfort
253,Angela Pearson,Powellshire
254,Penny Contreras,Lake Pamelaport
255,Kevin Holmes,Port Sheila
256,Kimberly Hughes,Tuckerfort
257,Veronica Gonzalez,East Shannon
258,David Melton,Apriltown
259,Gary Aguilar,Grahamshire
260,Mary Davenport,East Teresahaven
261,Nancy Collins,Lake Jessica
262,David Miller,Port Albertton
263,Nathan Le,Jerrychester
264,James Camacho,Brownland
265,Douglas Johnson,Port Joel
266,Juan Roberts,Russellville
267,Lauren Bishop,North Samantha
268,Monique Henderson,Ashleychester
269,Diana Haynes,Jenniferstad
270,Erin Sims,Nicolefurt
271,Jennifer Collins,New Ryan
272,Ashley Sanders,Barkerborough
273,Gary Conner,North Crystal
274,James Morgan,Williamville
275,Alex Logan,Victoriafurt
276,Joshua Baker,New Laurie
277,Angela Hill,Port Patricia
278,Crystal Phillips,West Emilytown
279,Susan Neal,Garzamouth
280,Misty Hodge,West Williamfurt
281,William Hatfield,Smithbury
282,Jonathan Fowler,Jeremybury
283,Justin Hoover,Guerreroton
284,Haley Fernandez,Brownton
285,Brandi Goodwin,Freemantown
286,Steven Campbell,Lake Scott
287,Joseph Smith,Bryanburgh
288,Ashley Johnson,East Patricia
289,Karen Chang,West Jameston
290,Matthew Cruz,North Brianhaven
291,Joseph Wallace,Vasquezport
292,Michael Berry,Holmesshire
293,Austin Adams,Lake Ryan
294,Gwendolyn Bowman,Lake Jeremy
295,Alexander Robertson,South Sarahborough
296,Jeff Mckay,North Dorothystad
297,Amber Montgomery,Flynnmouth
298,Alexander Lewis,Hansenmouth
299,Mary Cline,Laurenport
300,Allen Norton,Vanessafort
301,Amanda Spencer,Lake Carlosland
302,John Russell,Port Charlesfurt
303,Martin Ho,North Stephanieburgh
304,Lisa Oliver,East Mary
305,Melissa Robinson,North Sally
306,Sara Clements,Jimenezborough
307,Brandon Hernandez,New Jacquelineshire
308,Shelby Martinez,Danielsmouth
309,Rebecca Carter,Boyerberg
310,Paige Wiley,Lake Rickybury
311,Xavier Woodard,Crawfordbury
312,Timothy Alvarez,Tapiachester
313,Stephanie Smith,Chambersfort
314,Anna Morales,Terrybury
315,Jeffery Manning,East Thomas
316,Nicole Richards,Port William
317,Elizabeth Henry,Port Vincent
318,Patricia Hall,Kimberlyview
319,Danielle Berry,Stanleyland
320,Brittney Foster,Gomezmouth
321,Kyle Rodriguez,South Tinatown
322,Joseph Phillips,Port Jessicatown
323,Matthew Hopkins,North Kenneth
324,Timothy Williams,Port Jonathan
325,Margaret Young,East Ryanmouth
326,Cindy Blevins,New Kennethtown
327,Sharon Walker,Brownhaven
328,Emily Novak,Port Cynthiaborough
329,Jonathan Kim,Escobarberg
330,Kristina Harvey,West Luisshire
331,Robert Powell,Lukebury
332,Steven Baker,Ericburgh
333,Rachel Trevino,Angelaton
334,Samuel Peterson,Heathermouth
335,Jacob Bass,Grantborough
336,Nicholas Rivera,Youngstad
337,Deanna Nelson,East Ronnie
338,Mark Elliott,West Bryanchester
339,Pamela Stevenson,Leemouth
340,Colton Harris,Patriciaborough
341,Dean Hall,Lloydmouth
342,Eric Allison,Bartlettchester
343,Ms. Veronica Doyle,Lake Jamesmouth
344,Miranda Hale,Richardchester
345,Brad Zhang,Millerstad
346,William Mcintosh,East Warrenberg
347,Shirley Hanson,North Andrealand
348,Martin Brown,Kellyfurt
349,Mark Hardy,Samanthafurt
350,Sandra Clay,East Craig
351,Paul White,South Scottton
352,Scott Warren,Kimchester
353,Jason Martin,New Timothymouth
354,Christopher Lewis,Butlermouth
355,Victor Castro,Melissachester
356,Jason Douglas,Port Russellville
357,Thomas Thompson,Mullinsville
358,Jesse Wilson,North Kathleenland
359,Ryan Wagner,Jacksonbury
360,Cody Le,Lake Tamara
361,Kathleen Bradshaw,South Johnhaven
362,Daniel Mclaughlin,Brianfurt
363,Felicia Arnold,Jeffreyview
364,Bruce Smith,North Melaniebury
365,Phillip Phillips,Port Catherineborough
366,Timothy Reynolds,Port Raymond
367,David Snyder,Port Kathrynhaven
368,Kiara Kim,Georgeland
369,Holly Todd,West Dwaynemouth
370,Melinda Roberson,Adamsport
371,George Trujillo,Williamton
372,Barbara Davis,Penaberg
373,Kimberly Brown,Jeromeborough
374,Dana Francis,Villaville
375,Jordan Hall,East Kristy
376,Dr. Allison Hernandez MD,Lake Kristin
377,Zachary Kennedy,South Kathryn
378,Richard Larson,Alecview
379,Ann Nicholson DDS,Benjaminfort
380,Megan Lynch,Danielfurt
381,Victoria Riley,South Dennisstad
382,Nathaniel Wilcox,Port Meredith
383,Emily Barber,Hartmantown
384,William Collins,Lake Alyssafort
385,Beth Stewart,Floreschester
386,Jennifer Rodriguez,Marcustown
387,Robert Miller,East Veronicahaven
388,Victoria Clark,South Heatherside
389,Dwayne Kelly,East Davidshire
390,Michael Santiago,New Cynthia
391,Stacy Mccoy,West Kelly
392,Diane Moore,Mitchellmouth
393,Sara Gillespie,Lake Kimberlystad
394,Terry Vega,West Josephshire
395,Reginald Navarro,Gilbertton
396,Jason Crosby,Barnesville
397,Danielle Mcgee,Millsfort
398,David Oliver,Port Kathleenton
399,Katherine Clark,Wongmouth
400,Christopher Sellers,Port Kelseymouth
401,Stephen Rogers,Connieview
402,Jessica Ortiz,Stonestad
403,Adrienne Webb,South Jonathan
404,Brian Thompson,Michaeltown
405,Jacqueline Flores,East Christopherborough
406,Sergio Crane,East Michaelshire
407,Amanda Miller,Delgadofort
408,Roger Hart,Hoganbury
409,April Moore,Port Paulastad
410,Scott Lewis,New Sarah
411,Brandon Herring,North Helenmouth
412,Monica Franklin,East Kelseyburgh
413,Cody Thomas,West Julieshire
414,Margaret Contreras,East Juanhaven
415,Misty Valentine,Cooperchester
416,Alexis Sanders,Mullinsfurt
417,James Berry,Anthonyton
418,Bryan Kelly,South Colleenstad
419,Gabriela Blair PhD,Middletonbury
420,Jay Matthews,Wilsonberg
421,Calvin Bryan,West Omar
422,Lisa Pacheco,Nataliebury
423,Clifford Hurley,North Matthewville
424,Andrew Fowler,Josephfort
425,Tanya Hall,New Ericport
426,Chelsey Allen,Markberg
427,Amanda Carter,East Chris
428,William Wagner,South Thomas
429,Jennifer Wall,South Mark
430,Peter Wiley,Port Mckenziefurt
431,April Cooper,New Gregoryview
432,Michelle Armstrong,South Tara
433,Christopher Moran,Port Gregoryview
434,Jason Thomas,Matthewsville
435,Melissa Day,Lake Brianmouth
436,Patrick Grant,Hamiltonhaven
437,Kevin Robertson,Danielhaven
438,Casey Brown,Christopherland
439,Jocelyn Flores,New Carolfort
440,Erin Ballard,Andrewside
441,Sara Shaw,Williamsmouth
442,Joseph Moyer,Anthonyside
443,Kristin Miller,New Tammyton
444,Stacy Hall,Carterberg
445,Valerie Moore,Ellisonmouth
446,Bridget Knight,New Carrie
447,Diana Griffin,New Samanthaberg
448,James Larson,Beckerview
449,Ronald Morris,North Matthew
450,Beth Sanchez,New William
451,Haley Edwards,Nathanmouth
452,Raymond Miller,Barbaraton
453,Alexandra Hamilton,Port Dannyberg
454,Joel Howard,West Susanchester
455,Samuel Chen,Reyesshire
456,Debbie Sanchez,Marvinview
457,Jeffrey Clark,Angelafurt
458,Clinton Hayes,Port Ryan
459,Terri Kennedy,Patriciabury
460,Cody Singleton,Lindaland
461,Stephanie Smith,Terryland
462,Jason Everett,Rodriguezfurt
463,Deanna Gilbert,Nathanielburgh
464,Andrew Snow,West Shane
465,Joshua Mcdonald,Brownville
466,Brooke Jordan,Chelseafort
467,Joseph Nelson,West Kayla
468,Joseph Watson,South Chloe
469,Tiffany Lewis,Lake Charlesfurt
470,Angela Kelly,Andersontown
471,William Carson DDS,Lake Davidville
472,Adrian Simpson,Port Stevenside
473,Kurt Wallace,North Spencer
474,Nancy Carlson,Port Haley
475,Jennifer Fernandez,Lake Michael
476,Jennifer Jackson,Coffeyhaven
477,Samantha Palmer DVM,South Eugenemouth
478,Dennis Riddle,Lake Katie
479,Kayla Arnold,North Hannah
480,Dr. Laura Adams,Lake Lisa
481,Alicia Smith,Donaldmouth
482,Andrew House,North Gregory
483,Yvonne Miller,Meganstad
484,Lonnie Kim,Lake James
485,Paul Fox,Port Amandachester
486,Paul Andrews,Shannonmouth
487,Alicia Mccann,Port Kevintown
488,Cheryl Bridges,New Zacharyfurt
489,Ariana Bradshaw,Lake Kristenchester
490,Robert Rodriguez,Port Vickiport
491,Jonathan French,Angelaburgh
492,Hannah Bryant,Colemanchester
493,Cody Sullivan,West Erinhaven
494,Jamie Williams,Lake Elizabethhaven
495,Timothy Morris,Gailland
496,Christopher Adkins,Kristenfort
497,Catherine Salinas,East Ianshire
498,Dorothy Collins,West Amandaberg
499,Robert Johnson,Davisberg
500,David Wood,Huntermouth
501,Tiffany Rivera,New Eduardoberg
502,Jimmy Nelson,Wadechester
503,Jay Miller,South Jessicafort
504,Leah Santos,New Autumnmouth
505,Mark Roberts MD,Sandraborough
506,Terry Brown,North Melanieside
507,Joanna Wilson,Michaelburgh
508,Elijah Garcia,Torresview
509,Shannon Ellis,Allenton
510,Adam Farrell,Kennethport
511,Gregory Hunt,Port Sarahmouth
512,Kimberly Santiago,Josefurt
513,Aimee Johnson,Rachelville
514,Jermaine Johnson,Williamsview
515,Donald Gregory,Port Janeborough
516,Emily Gomez MD,Whitechester
517,Kevin Taylor,Duaneberg
518,Wesley Simpson,South Amber
519,Catherine Rowe,Martinezmouth
520,John Thomas,West Patricia
521,Karen Stewart,Port Timothyfort
522,Joseph Lester,Keithbury
523,Phillip Graham,Port Larryberg
524,Sarah Nguyen,Hancockton
525,Stanley Edwards,Martinstad
526,Nathan Williams,North Nathanmouth
527,Lisa White,Hamptonmouth
528,Christopher Taylor,Timothyland
529,Jennifer Jones,West Matthewborough
530,Richard Johnson,Richardbury
531,Elizabeth Bell,West Brian
532,Alexandra Malone,Hawkinstown
533,Mark Lewis,Thompsonport
534,Robert Berry,Lake Rebeccaborough
535,Douglas Green,Ericberg
536,Lori Armstrong,Garciamouth
537,Kayla Salazar,Jesseland
538,Kristina Fisher,Carrieland
539,Marcus French,Lake Dawn
540,Scott Owen,Robinsonchester
541,Lori Andrews,East Sheri
542,Jay Rivera,Careyfurt
543,Anita Mcgee,Abigailshire
544,Christopher Simmons,North Nicholas
545,Donna Johnson,West John
546,Andrea Whitney,Stevenstad
547,Wendy Hensley,New John
548,Jared Lyons,West Christopherland
549,Cody Dennis,New Sara
550,Sandra Hernandez,South Feliciashire
551,Jamie Bowers,New Harry
552,Joyce Myers,South Brettburgh
553,Steven Griffin,North Stephanie
554,Jay Yang,East Loriville
555,Christopher Wise,Hollyborough
556,Stephen Walker,Riceville
557,David Ramos,Stewartmouth
558,Laura Rodriguez,Port Lisafurt
559,Matthew Rodriguez,Medinaside
560,Terri Rodriguez,Lambertside
561,Joshua Perez,New Jacquelinetown
562,Angela Perez,Jameschester
563,Rickey Johnson,Bryantown
564,Erin Gibson,Lake Crystal
565,Bradley Alvarez,Hineshaven
566,Jason Vargas,Ronaldfort
567,Christopher Barnes,Meyerbury
568,Jennifer Mccarthy,South Brendaview
569,Stephanie Valencia,Jeremiahchester
570,Brian Kaiser,West Adam
571,Kenneth Reed,Greermouth
572,Steven Chavez,Holmesshire
573,David Scott DDS,New Dawnfurt
574,Eric Allen,Lake Cassiebury
575,Mark Lyons,Ryanstad
576,Linda Stanton,Jenniferchester
577,Christopher Harris,South Jonathan
578,Nancy Bennett,Port Yvette
579,Melissa Stanton,Zacharyborough
580,Cody Fox Jr.,North Javier
581,John May,Lisaville
582,Joel Elliott,New Nicholasfurt
583,Sharon Welch,Smithborough
584,Lauren Pham,Freemanfort
585,Mike Reeves,North Bonnie
586,Nicholas Martinez,New Catherine
587,Christian Jackson,West Candaceland
588,Melissa Gutierrez,West Loretta
589,Richard Brown,East Annatown
590,Christina Evans,West Michelleshire
591,Ian Rodriguez,East Carol
592,Mr. Dakota Fisher,Reedtown
593,Frank Parsons,Wellsbury
594,Julie Bryant,Port Michelefort
595,Brett Lee,East Andrewberg
596,Meredith Hamilton,Kevinport
597,Bobby Castro,New Nicole
598,Amanda Webb,Ginamouth
599,Kimberly Sellers,Leebury
600,Valerie Stephens,West Timothyside
601,Angela Howard,Lake Justinberg
602,Caleb Montgomery,Port Suzanne
603,Ryan Carter,South Cindy
604,Michael Buchanan,Loganville
605,Kayla Morales,North Elizabeth
606,Jean Garcia,East Diana
607,Jared Davis,Brownfort
608,David Patel,Lake Erik
609,Angel Wheeler,Marquezbury
610,John Reed,Lauraville
611,Rebecca Edwards,Wardborough
612,Alec Hanson,East William
613,Andrew Salazar MD,North Carolynchester
614,Jamie Jones,Kimberlystad
615,Timothy Hunter,Madisonview
616,Emily Nixon,West Tonyamouth
617,Stephanie Miller,Welchburgh
618,Lisa Garner,West Marcusview
619,James Spears,Lake Carlosport
620,Brian Hernandez,Sullivanshire
621,Garrett Baker,West Tracyview
622,Kenneth Bush,Port Stephenstad
623,Dennis Hancock,Port Pamela
624,Marcus Adams,Port Scottchester
625,Dr. Brittany Mcdonald DVM,West Jeffrey
626,Douglas Matthews,East Robert
627,Erin Ramirez,West Ricky
628,Joshua Whitaker,Davidberg
629,Joseph Williams,West Katherine
630,Kelly White DVM,New Rodneyfort
631,Ryan Adkins,Fosterhaven
632,Cheryl Roy,Mcintoshstad
633,Natalie Turner,Weissfurt
634,Shawn Leonard,New Angelafort
635,Dale Mueller,Coxville
636,Barry Lane,East April
637,Ms. Tanya Frazier,Jameston
638,John Taylor,Lynchshire
639,Charles Howell,Robertport
640,Donna Yang,Port Matthewborough
641,Jessica Bird,Port Robertchester
642,Jake Pierce,Kellyborough
643,Richard Smith,Porterland
644,Tonya Morrison,Lake Melissa
645,Daniel Tran,Hunterview
646,Micheal Walker,Milestown
647,Robert Cruz,Garyfort
648,Teresa Powell,East Monique
649,Carla Ortega,Mcmillanmouth
650,Herbert West,West Colton
651,Rebecca Stark,South Jennifer
652,Luis Rivera,South Jeffreyburgh
653,Christopher Mccormick,Davidmouth
654,Anthony Wagner,Kingchester
655,Nancy Kemp,Myersshire
656,Dennis Johnson,Melanieton
657,Daniel Smith,Garrisonmouth
658,Charles Bartlett,Garciachester
659,Jennifer Peterson,West Frank
660,Jamie Rivera DDS,South Tinatown
661,Mary Reid,East Cassandra
662,Ryan Grimes,Phamchester
663,Alexandra Keller,Christopherburgh
664,Brenda Rogers,Clarkchester
665,Megan Lewis,Tracibury
666,Michael Richard,Jenniferbury
667,Kimberly Dickerson,East Jeremy
668,Deanna Williamson,Port Tamara
669,Joanna Martinez,Maryburgh
670,Theresa Davis,Port Robertstad
671,Rachel Anderson,Williamsport
672,Marcus Hernandez MD,Danielmouth
673,Kenneth Summers,East Heather
674,Luis Stewart,Jeffreyfurt
675,Melissa Mann,Laurenhaven
676,Alexander Thomas,Laurieville
677,Jerry King,North Williamburgh
678,Wendy Miller,Saramouth
679,Jennifer Smith,New Kristabury
680,Michael Garcia,East Lucas
681,Marie Freeman,East Jonathan
682,Elizabeth Miller,West Rachel
683,Lindsay Daugherty,Coreyside
684,Tyler Johnson Jr.,East John
685,Joshua Pena,West Brittany
686,Justin Spears,New Julieville
687,James Vaughn,East Christopher
688,John Campbell,Mauriceview
689,Daryl Castillo,Timothyhaven
690,Matthew Novak,East Jared
691,Anita Newman,Ramirezbury
692,Daniel Smith,Stevenborough
693,Sharon Johnson,Smithbury
694,Claudia Garcia,South Ninastad
695,Cynthia Franklin,Lake Moniqueview
696,Brandy Crawford,South Melissa
697,Steve Heath,Sullivanmouth
698,Jimmy Hall,Lake Nicholasland
699,Carolyn Kim,East Michael
700,Michele Brady,Joshuaborough
701,Carrie Evans,West Anna
702,Leslie Holmes,East Amberville
703,Debra Walsh,Dianeview
704,Justin Roberts,Pierceville
705,Gina Benton,South Jeffreybury
706,Joseph Mckinney,Bryanmouth
707,Holly Morgan,Port Bradley
708,Destiny Ryan,Port Stephanietown
709,Leslie Rivera,Robertshire
710,Debbie Byrd,Xavierchester
711,Elizabeth Black,Francisview
712,Nicole Johnson MD,Haneyfort
713,Michael Brown,Jessicaside
714,Dr. Bradley Hamilton MD,Anthonyfurt
715,Benjamin Horne,North Randy
716,Michael Gallegos,East Sean
717,Aaron Mendoza,Tinaberg
718,Shirley Gomez,Port Deborahmouth
719,Roberto Ortiz,Lake Sarah
720,Kathryn Williamson,Westland
721,Brian Frye,Nunezview
722,Ashley Rogers,Port Joan
723,Ruth Miller,East Carrie
724,Stephanie Hawkins,Jacobbury
725,Kyle Carter,Port Daniel
726,John Porter,South Matthew
727,James Brown,Johnview
728,Matthew Cameron,West Danielville
729,Allison Simmons,North Williammouth
730,Jennifer Hunter,Guychester
731,Patrick Bailey,West Nicholasside
732,David Hampton,Andreatown
733,Richard Buck,Taylorshire
734,Mr. Kevin Zimmerman DVM,Rodgersberg
735,Alexandria Williams,East Charlesfort
736,Shannon Fitzgerald,East Brandy
737,Mr. Daniel Fischer,Nathanport
738,Vincent Galvan,Deborahhaven
739,Caitlin Duarte,Port Erik
740,Michele Waters,Camachobury
741,Thomas Morgan,Rachelshire
742,William Wheeler,Gouldmouth
743,John Clark,Webbton
744,Katherine Mata,Debraton
745,Joshua Gaines,Caseyberg
746,Katherine Snyder,East Jennifer
747,Amy Robertson DDS,Garystad
748,Thomas Rodriguez,Thomasland
749,John Michael,Kelseytown
750,Kevin Clark,North Adamhaven
751,Kelsey Bailey,Gonzalezton
752,Jennifer Melton,Markborough
753,David Garrison,Sarahville
754,Dana Watkins,Fisherburgh
755,Jennifer Hall,Port Brendaborough
756,James Hall,Markhaven
757,Stuart Andrade,Oliviaburgh
758,Daniel Miranda,North Crystal
759,Bryan Henry,Reynoldsberg
760,Joshua Jones,Lake John
761,Jason Hinton,Rodriguezville
762,Troy Robinson,Lake Marcberg
763,Molly Williams,Andreashire
764,Ashley Richardson,East Jason
765,Lawrence Bell,Wagnerburgh
766,Christopher Turner,Tateside
767,Edward Olson,Morrowhaven
768,Beth White,South Crystalstad
769,Ruth Horton,Alexanderfort
770,Molly Cameron,New Staceyville
771,Tracy Simpson,South Michelle
772,Ricardo Yoder,East Amandahaven
773,Leah Wise,North Jennifer
774,Linda Moore,Hodgesside
775,Mark Patel,North Stuart
776,Melissa Mccoy,South Dustin
777,Jessica Cline,Perezville
778,Jose Simmons,New Mark
779,Jennifer White,Raymondborough
780,Melvin Wilson,West Matthewbury
781,Shelby Smith,New Kathleen
782,Jacob Hoffman,West Megan
783,Michelle Wallace,South Johnny
784,Sharon Davis,West Emily
785,Samantha Meyer,New Jennifer
786,Rebecca Baker,New Tina
787,Elizabeth Davis,Port Theodorechester
788,Cameron Gonzalez,North Nicole
789,Madison Smith,Melindahaven
790,Teresa Valenzuela,West Carolineside
791,Erin Tran,West Jennifer
792,Jamie Wang,North Lisa
793,Ryan Dorsey,Susanchester
794,Christopher Johnson,Tylerstad
795,Ian Ford,East Shelby
796,Patricia Nash,Port Gregorystad
797,Johnny Murphy,Sullivanhaven
798,Kayla Houston,East Corey
799,Michelle Gonzalez,East Mollyville
800,Daniel Clayton,Robinsonport
801,Kristen Montoya,Lake Brendaport
802,Sara Kent,West Rachelberg
803,Edward Rhodes,South Matthew
804,Sara Young,Rosaleshaven
805,Amanda Anderson,North Ashley
806,Geoffrey Mitchell,Port Cindy
807,Mark Wilson,Peterville
808,Dr. Jonathan Green PhD,Murphychester
809,Dr. Timothy Jones,Port Deborahbury
810,Scott Price,Port Jillian
811,Gabriela Parks,Tamaraborough
812,Evan Gibson,New Brittanychester
813,Charles Parks,Leeberg
814,George Giles,Burkechester
815,Miss Christie Bartlett,New Danielle
816,Christopher Miller,Lake Lauraside
817,Andrew Brennan,Tracyfurt
818,Roger Shah,New Christopherton
819,Denise Thomas,New Matthewstad
820,Diane Phillips,East Ann
821,Zachary Turner MD,East Matthew
822,Kelly Miranda,Loriburgh
823,Gary Ward,New Elizabethtown
824,William Mahoney,Galvanville
825,Timothy Lopez,Port Gary
826,Benjamin Stephens,Lisaville
827,Monica Flynn,Port Jaclynmouth
828,Katie Wells,North Tylerview
829,Alex Cameron,North Angela
830,Jeff Boyle,Calvinport
831,Melinda Bond,West Danielville
832,Sarah Snyder,Rossfort
833,Ryan Johnson,Catherineshire
834,Miguel Lynch,Port Antonio
835,Adrienne Butler,Lake David
836,Michael Brown,East Dominiqueborough
837,Joshua Morrow,Penaton
838,Michael Harding,North Patriciaville
839,David Jones,Lake Scott
840,David Pratt,East Joseborough
841,Allison Cox,Port Austinburgh
842,John Hunt,Hughesville
843,Gregory Briggs,South Jennifer
844,Julie Johnson,Roblesfort
845,Amy Rodriguez,Lake Christophertown
846,Tiffany Adams,Paulborough
847,Brandi Nunez,Knightbury
848,Pedro Rowland,Lake Norma
849,Melissa Rodriguez,Kramerview
850,Amanda Finley,Copelandfort
851,Todd Bell,South Brendafurt
852,Michelle Trujillo,New Tinaville
853,Dr. Andrew Horton,Sloanfurt
854,Mario Sawyer,Bensonstad
855,Tonya Glass,Port Brianview
856,Christopher Martinez,Gonzalezton
857,Brandy Pope,West Jenny
858,Heather Harris,New Joshuafort
859,Sophia Roberts,Richardborough
860,Hector Stephens,Shawnshire
861,Kenneth Ho,Lesliefort
862,Katelyn Williams,East Lisa
863,Aaron Brooks,South Laurenstad
864,James Rogers,South Michael
865,Linda Ryan,North Jeremy
866,Christy Williams,West Elizabethhaven
867,Keith Houston,Everettmouth
868,Paul Wright,North Jessicashire
869,Kathryn Wilson,Bookerfort
870,Brian White,Santoston
871,Michelle Williams,Jonesfurt
872,Paul Jacobson,Williamsstad
873,Benjamin Lopez,New Sarah
874,John Williams,Ericksonville
875,Ann Clark,Murphyfort
876,Marie Scott,Jasonmouth
877,Felicia Gallagher,Port Calvin
878,Julie Mckinney,Vazquezmouth
879,Wanda Newman,East Matthewstad
880,Kevin Boyd,West Matthew
881,Rebecca Ali,Jonathanview
882,Laura Larson,Edwardschester
883,Joe Cox,East Cherylborough
884,Cassidy Calderon,Greenport
885,Curtis Davis,West Daniel
886,John Henry,North Adam
887,Julie Morse,Heatherborough
888,Beth Miller,New James
889,Casey Andrews,Timothychester
890,Angela Williams,Kaylamouth
891,Javier Bailey,South Jessica
892,Samantha Becker,Traciefort
893,Robert Adams,Michaelchester
894,Monique Murray,Devinton
895,Sarah Holmes,Kennethberg
896,Robert Chandler,Stevensonshire
897,Sarah Ford,East Lorichester
898,Sue James,Wellsport
899,Brittany Gardner,Destinyhaven
900,Nicholas Moody,Matthewtown
901,Janice Manning,Andreafort
902,Mallory Lee,Port David
903,Rebecca Bender,Karenberg
904,Amber Arnold,Port Gloriaton
905,April Jones,West Larryfurt
906,Catherine Dixon,West Jacobbury
907,Michelle Mendoza,Nguyenton
908,Jennifer White,South Mariefort
909,Sarah Nelson,Fitzpatrickside
910,Dr. Stephanie Edwards,Bethside
911,William Payne,Nancyside
912,Tyler Fisher,Crystalberg
913,Amber Sheppard,Saraborough
914,Mr. Jeffrey Gregory,North Larryton
915,Corey Gonzalez,North Patriciaport
916,Kevin Foley,Williamview
917,Cory Larsen,Arnoldmouth
918,Michael Espinoza,West Carlmouth
919,Nathan Fox,North Sherri
920,Gina Potter,Nicolebury
921,Theresa Flores,Lewisview
922,Phillip Calhoun,Gibsonburgh
923,Jason Nelson,Contrerasview
924,Jordan Adams,East Hector
925,William Harris,Lake Barryhaven
926,Teresa Moore,New James
927,Richard Williamson,South Hannah
928,James Williams,West Stephaniestad
929,Ashley Cox,Jacksonstad
930,Michelle Parrish,Kimberlyburgh
931,Nicole Odom,New Judy
932,Jeffrey Evans,Moyerland
933,Alan Barnett,New Nicholasmouth
934,Kelly Bender,Angelaville
935,Andrea Edwards,Clarkburgh
936,Connie Brown,Dawnmouth
937,Kelly Wilson,Port Jennifermouth
938,Jordan Fields,New Melissa
939,Mary Miller,Carneyside
940,Charles Dixon,Brownburgh
941,Chad Patel,West Michael
942,Edward Thomas,South James
943,Duane Floyd,North Justin
944,Melinda Case,Matthewburgh
945,George York,North Brianton
946,Joshua Johnson,Mossborough
947,Cynthia Lin,New Chadport
948,Barry Mcintyre,West Anthony
949,Amanda Moran,Christopherchester
950,Andrea Butler,Martinezton
951,Andrew Murray,Rasmussenchester
952,Caitlin Curry,East Samantha
953,Katherine Chavez,Isaacstad
954,Joseph Simmons,Millerbury
955,Stephanie Pearson,Smithview
956,Douglas Castro,Lake Julia
957,John Park,Blackchester
958,Amber Garrett,East Erin
959,Andrea Nelson DDS,Clarkfort
960,Audrey Williams,North Nicole
961,Dr. Roger Garcia,Allisontown
962,Kenneth Harrington,South Brandonmouth
963,Laura Griffith,Jessicaside
964,Mark Mills,East Jordanstad
965,Andrew Peters,New Jacqueline
966,Peter Schmidt MD,South Jefferymouth
967,Robert Crawford,North Mariah
968,Jeremy Stevens,Jenkinsfurt
969,Christopher Porter,Zoechester
970,Amber Wagner,East Matthewchester
971,Sharon Carpenter,North Meaganview
972,Anita Carpenter,South Colleen
973,Sarah Roberts,Vanceberg
974,Nathaniel Johnson,North Jimview
975,Ana Adkins,Port Clayton
976,William Holloway,Wubury
977,Mr. Travis Wallace,North Wanda
978,Eric Vaughn,New Ryanbury
979,Barbara Jackson,North Kennethbury
980,Lisa Barnes,East Vanessa
981,Tara Prince,Morrisonport
982,Jennifer Pace,Wilsontown
983,Charles Kirby,North Jenniferborough
984,Danny Martin,Sarahville
985,Linda Smith MD,New Veronicaport
986,Jacob Fisher,East Pamelaville
987,Katherine Carter,Carlachester
988,Erin Mendez,West Victor
989,William Kelley,Randyfurt
990,Theresa Ross,New Tanyaberg
991,Jennifer Foster,South Adam
992,Rachael Miller,Port Melissa
993,Robert Garrett,West Josephstad
994,Ashley Hess,Potterfort
995,David Reyes,North Emily
996,Valerie Scott,South Joyberg
997,Philip Lowe,Stevenhaven
998,Duane Dillon,Shawnabury
999,Megan Freeman,East Daisy
1000,Tami Scott,Murphyshire
